"ID";"FullName";"global_id";"ShortName";"AdmArea";"District";"Address";"Owner";"TestDate";"geodata_center";"geoarea";
"Код";"Полное официальное наименование";"global_id";"Сокращенное наименование";"Административный округ";"Район";"Адрес";"Наименование компании";"Дата проверки";"geodata_center";"geoarea";
"14";"Автомобильный заправочный комплекс № 1 «РН-Москва»";"4539435";"АЗК № 1 «РН-Москва»";"Северо-Восточный административный округ";"район Отрадное";"улица Декабристов, дом 47Б";"ОАО «РН-Москва»";"04.04.2013";"";"";
"15";"Автомобильный заправочный комплекс № 11 «РН-Москва»";"4539436";"АЗК № 11 «РН-Москва»";"Северный административный округ";"Бескудниковский район";"Дубнинская улица, дом 52";"ОАО «РН-Москва»";"04.04.2013";"";"";
"16";"Автомобильная заправочная станция «Альфа-Петрол М» на Ясеневой улице, дом 13А";"4539437";"АЗС «Альфа-Петрол М» на Ясеневой улице, дом 13А";"Южный административный округ";"район Орехово-Борисово Южное";"Ясеневая улица, дом 13А";"ООО «Альфа-Петрол М»";"09.04.2013";"";"";
"19";"Автомобильная заправочная станция № 18 «ЕКА-АЗС»";"4539438";"АЗС № 18 «ЕКА-АЗС»";"Северный административный округ";"район Сокол";"улица Панфилова, владение 2";"ООО «ЕКА-АЗС»";"10.04.2013";"";"";
"20";"Автомобильный заправочный комплекс № 57 «РН-Москва»";"4539439";"АЗК № 57 «РН-Москва»";"Юго-Восточный административный округ";"Рязанский район";"Рязанский проспект, владение 26, корпус 2";"ОАО «РН-Москва»";"11.04.2013";"";"";
"21";"Автомобильный заправочный комплекс № 42 «РН-Москва»";"4539440";"АЗК № 42 «РН-Москва»";"Восточный административный округ";"район Новокосино";"5-й километр Московской Кольцевой Автодороги, владение 6";"ОАО «РН-Москва»";"11.04.2013";"";"";
"25";"Автомобильный заправочный комплекс № 35 «РН-Москва»";"4539441";"АЗК № 35 «РН-Москва»";"Юго-Восточный административный округ";"район Выхино-Жулебино";"9-й километр Московской Кольцевой Автодороги";"ОАО «РН-Москва»";"23.04.2013";"";"";
"26";"Автомобильная заправочная станция № 4 «Транс АЗС»";"4539442";"АЗС № 4 «Транс АЗС»";"Юго-Восточный административный округ";"Рязанский район";"Рязанский проспект, владение 14, строение 4";"ЗАО «Транс АЗС»";"24.04.2013";"";"";
"36";"Автомобильный заправочный комплекс № 4 «Валар»";"4539443";"АЗК № 4 «Валар»";"Восточный административный округ";"район Гольяново";"Монтажная улица, дом 3А,строение 1";"ООО «Валар»";"21.05.2013";"";"";
"38";"Автомобильная заправочная станция «ТД «Нефтьмагистраль» на Волгоградском проспекте, владение 26";"4539444";"АЗС «ТД «Нефтьмагистраль» на Волгоградском проспекте, владение 26";"Юго-Восточный административный округ";"Южнопортовый район";"Волгоградский проспект, владение 26";"ООО «ТД «Нефтьмагистраль»";"22.05.2013";"";"";
"39";"Автомобильная заправочная станция «Валар» на 39-м километре Московской Кольцевой Автодороги, владение 1, строение 1";"4539445";"АЗС «Валар» на 39-м километре Московской Кольцевой Автодороги, владение 1, строение 1";"Юго-Западный административный округ";"район Ясенево";"39-й километр Московской Кольцевой Автодороги, владение 1, строение 1";"ООО «Валар»";"26.05.2013";"";"";
"45";"Автомобильная заправочная станция «ТК «Новаторрус-Инвест» на Сельскохозяйственной улице, владение 40";"4539446";"АЗС «ТК «Новаторрус-Инвест» на Сельскохозяйственной улице, владение 40";"Северо-Восточный административный округ";"район Свиблово";"Сельскохозяйственная улица, владение 40";"ОАО «ТК «Новаторрус-Инвест»";"25.06.2013";"";"";
"47";"Автомобильная заправочная станция № 23 «Транс АЗС»";"4539447";"АЗС № 23 «Транс АЗС»";"Восточный административный округ";"район Ивановское";"1-й километр Московской Кольцевой Автодороги, строение 2А";"ЗАО «Транс АЗС»";"12.07.2013";"";"";
"52";"Автомобильная заправочная станция «САГАН» на Симферопольском шоссе, дом 9";"4539448";"АЗС «САГАН» на Симферопольском шоссе, дом 9";"Новомосковский административный округ";"поселение Щербинка";"Симферопольское шоссе, дом 9";"ООО «САГАН»";"08.08.2013";"";"";
"1";"Автомобильная заправочная станция № 450 «ЕТ-АЗС»";"4539449";"АЗС № 450 «ЕТ-АЗС»";"Северо-Восточный административный округ";"район Северное Медведково";"Полярная улица, владение 37В";"ООО «ЕТ-АЗС»";"22.01.2013";"";"";
"3";"Автомобильная заправочная станция № 14 «ТК Нефтепродуктсервис»";"4539450";"АЗС № 14 «ТК Нефтепродуктсервис»";"Северо-Восточный административный округ";"район Северное Медведково";"Осташковская улица, владение 18А";"ООО «ТК Нефтепродуктсервис»";"25.02.2013";"";"";
"5";"Автомобильная заправочная станция № 4 «Сокол»";"4539451";"АЗС № 4 «Сокол»";"Юго-Западный административный округ";"район Ясенево";"39-й километр Московской Кольцевой Автодороги";"ООО «Сокол»";"26.02.2013";"";"";
"6";"Автомобильная заправочная станция № 3 «ТК НИКОЙЛ»";"4539452";"АЗС № 3 «ТК НИКОЙЛ»";"Юго-Западный административный округ";"район Северное Бутово";"улица Поляны, владение 12";"ООО «ТК НИКОЙЛ»";"14.03.2013";"";"";
"11";"Автомобильная заправочная станция № 28 «ЕКА-АЗС»";"4539453";"АЗС № 28 «ЕКА-АЗС»";"Юго-Западный административный округ";"район Зюзино";"Балаклавский проспект, дом 30";"ООО «ЕКА-АЗС»";"21.03.2013";"";"";
"17";"Многофункциональная автомобильная заправочная станция № 9 «НГК «Интеройл»";"4539454";"МАЗС № 9 «НГК «Интеройл»";"Северо-Западный административный округ";"район Митино";"улица Зенитчиков, дом 7";"ООО «НГК «Интеройл»";"09.04.2013";"";"";
"22";"Автомобильный заправочный комплекс № 43 «РН-Москва»";"4539455";"АЗК № 43 «РН-Москва»";"Юго-Восточный административный округ";"район Выхино-Жулебино";"8-й километр Московской Кольцевой Автодороги, владение 2";"ОАО «РН-Москва»";"11.04.2013";"";"";
"23";"Автомобильная заправочная станция № 98 «Газпромнефть-Центр»";"4539456";"АЗС № 98 «Газпромнефть-Центр»";"Северный административный округ";"район Аэропорт";"Ленинградский проспект, владение 45А";"ООО «Газпромнефть-Центр»";"17.04.2013";"";"";
"27";"Автомобильная заправочная станция «Шелл Нефть» на Волгоградском проспекте, владение 79";"4539457";"АЗС «Шелл Нефть» на Волгоградском проспекте, владение 79";"Юго-Восточный административный округ";"район Текстильщики";"Волгоградский проспект, владение 79";"ООО «Шелл Нефть»";"26.04.2013";"";"";
"29";"Автомобильная заправочная станция № 116 «Валар»";"4539458";"АЗС № 116 «Валар»";"Западный административный округ";"район Филёвский Парк";"Большая Филёвская улица, дом 5А";"ООО «Валар»";"14.05.2013";"";"";
"31";"Автомобильный заправочный комплекс № 5 «Валар»";"4539459";"АЗК № 5 «Валар»";"Юго-Западный административный округ";"район Северное Бутово";"Куликовская улица, дом 2, строение 1";"ООО «Валар»";"14.05.2013";"";"";
"33";"Автомобильная заправочная станция № 16 «Валар»";"4539460";"АЗС № 16 «Валар»";"Новомосковский административный округ";"поселение Сосенское";"36-й километр Калужского шоссе";"ООО «Валар»";"16.05.2013";"";"";
"34";"Автомобильный заправочный комплекс № 8 «Валар»";"4539461";"АЗК № 8 «Валар»";"Восточный административный округ";"район Богородское";"улица Богородский Вал, дом 3А, строение 1";"ООО «Валар»";"21.05.2013";"";"";
"35";"Автомобильный заправочный комплекс № 9 «Валар»";"4539462";"АЗК № 9 «Валар»";"Восточный административный округ";"район Богородское";"Открытое шоссе, дом 14Г, строение 1";"ООО «Валар»";"21.05.2013";"";"";
"42";"Автомобильная заправочная станция «Механизация-2» на Южнопортовой улице, дом 17Б";"4539463";"АЗС «Механизация-2» на Южнопортовой улице, дом 17Б";"Юго-Восточный административный округ";"район Печатники";"Южнопортовая улица, дом 17Б";"ОАО «Механизация-2»";"11.06.2013";"";"";
"44";"Автомобильная заправочная станция № 777 «ТК «Новаторрус-Инвест»";"4539464";"АЗС № 777 «ТК «Новаторрус-Инвест»";"Юго-Восточный административный округ";"район Печатники";"Шоссейная улица, дом 1, владение 10";"ОАО «ТК «Новаторрус-Инвест»";"25.06.2013";"";"";
"46";"Автомобильная заправочная станция «ТК «Новаторрус-Инвест» на Ярославском шоссе, владение 47";"4539465";"АЗС «ТК «Новаторрус-Инвест» на Ярославском шоссе, владение 47";"Северо-Восточный административный округ";"Ярославский район";"Ярославское шоссе, владение 47";"ОАО «ТК «Новаторрус-Инвест»";"25.06.2013";"";"";
"49";"Автомобильная заправочная станция «Галерея ВИП ТУР» на Волжском бульваре, дом 53, владение 1";"4539466";"АЗС «Галерея ВИП ТУР» на Волжском бульваре, дом 53, владение 1";"Юго-Восточный административный округ";"Рязанский район";"Волжский бульвар, дом 53, владение 1";"ООО «Галерея ВИП ТУР»";"01.08.2017";"";"";
"50";"Автомобильный заправочный комплекс «ТНК-Столица» на Рябиновой улице, владение 56";"4539467";"АЗК «ТНК-Столица» на Рябиновой улице, владение 56";"Западный административный округ";"район Очаково-Матвеевское";"Рябиновая улица, владение 56";"ОАО «ТНК-Столица»";"06.08.2013";"";"";
"53";"Автомобильная заправочная станция «ВэСКа» на 78-м километре Московской Кольцевой Автодороги";"4539468";"АЗС «ВэСКа» на 78-м километре Московской Кольцевой Автодороги";"Северный административный округ";"район Западное Дегунино";"78-й километр Московской Кольцевой Автодороги";"ООО «ВэСКа»";"12.08.2013";"";"";
"58";"Автомобильная заправочная станция № 1 «Сервис ФСП» на Краснобогатырской улице, владение 22";"4539469";"АЗС № 1 «Сервис ФСП» на Краснобогатырской улице, владение 22";"Восточный административный округ";"район Богородское";"Краснобогатырская улица, владение 22";"ООО «Сервис ФСП»";"20.05.2014";"";"";
"59";"Автомобильная заправочная станция «ТНК-Столица» на Юрловском проезде, владение 8-12";"4539470";"АЗС «ТНК-Столица» на Юрловском проезде, владение 8-12";"Северо-Восточный административный округ";"район Отрадное";"Юрловский проезд, владение 8-12";"ОАО «ТНК-Столица»";"02.09.2013";"";"";
"61";"Автомобильная заправочная станция «Альфа-Петрол-Л» на Анадырском проезде, владение 20";"4539471";"АЗС «Альфа-Петрол-Л» на Анадырском проезде, владение 20";"Северо-Восточный административный округ";"Лосиноостровский район";"Анадырский проезд, владение 20";"ООО «Альфа-Петрол-Л»";"10.11.2017";"";"";
"63";"Автомобильная заправочная станция «Софразвитие» на Рябиновой улице, дом 67, сооружение 1";"4539472";"АЗС «Софразвитие» на Рябиновой улице, дом 67, сооружение 1";"Западный административный округ";"район Очаково-Матвеевское";"Рябиновая улица, дом 67, сооружение 1";"ООО «Софразвитие»";"10.09.2013";"";"";
"72";"Автомобильная заправочная станция № 83 «Валар»";"4539473";"АЗС № 83 «Валар»";"Центральный административный округ";"район Хамовники";"улица Хамовнический Вал, владение 40, строение 1";"ООО «Валар»";"15.10.2013";"";"";
"75";"Автомобильная заправочная станция № 1 «Меркурий»";"4539474";"АЗС № 1 «Меркурий»";"Северо-Западный административный округ";"район Покровское-Стрешнево";"Волоколамское шоссе, дом 132";"ЗАО фирма «Меркурий»";"07.11.2013";"";"";
"80";"Автомобильная заправочная станция № 12 «Компания ТРАССА»";"4539475";"АЗС № 12 «Компания ТРАССА»";"Новомосковский административный округ";"поселение Внуковское";"деревня Рассказовка";"ООО «Компания ТРАССА»";"14.04.2017";"";"";
"86";"Автомобильная заправочная станция «АВИС-АМ» на 32-м километре Московской Кольцевой Автодороги, владение 7";"4539476";"АЗС «АВИС-АМ» на 32-м километре Московской Кольцевой Автодороги, владение 7";"Южный административный округ";"район Чертаново Южное";"32-й километр Московской Кольцевой Автодороги, владение 7";"ООО «АВИС-АМ»";"14.11.2017";"";"";
"87";"Многофункциональный автомобильный заправочный комплекс «Бутово» «Петрол Комплекс Эквипмент Кампани»";"4539477";"МАЗК «Бутово» «Петрол Комплекс Эквипмент Кампани»";"Юго-Западный административный округ";"район Северное Бутово";"Старобитцевская улица, дом 2, строение 1";"ЗАО «Петрол Комплекс Эквипмент Кампани»";"30.01.2014";"";"";
"91";"Автомобильная заправочная станция «Приоритет» на улице Академика Ильюшина, дом 19Б";"4539478";"АЗС «Приоритет» на улице Академика Ильюшина, дом 19Б";"Северный административный округ";"район Аэропорт";"улица Академика Ильюшина, дом 19Б";"ЗАО КХК «Приоритет»";"25.02.2014";"";"";
"93";"Автомобильная заправочная станция № 49 «Татнефть-АЗС-Запад»";"4539479";"АЗС № 49 «Татнефть-АЗС-Запад»";"Западный административный округ";"Можайский район";"улица Красных Зорь, строение 12";"ООО «Татнефть-АЗС-Запад»";"04.03.2014";"";"";
"98";"Многофункциональный автомобильный заправочный комплекс «Северянин» «Петрол Комплекс Эквипмент Кампани»";"4539480";"МАЗК «Северянин» «Петрол Комплекс Эквипмент Кампани»";"Северо-Восточный административный округ";"Ярославский район";"Ярославское шоссе, владение 3, строение 2";"ЗАО «Петрол Комплекс Эквипмент Кампани»";"05.03.2014";"";"";
"101";"Автомобильная заправочная станция № 234 «Татнефть-АЗС-Запад»";"4539481";"АЗС № 234 «Татнефть-АЗС-Запад»";"Юго-Восточный административный округ";"район Печатники";"2-я улица Машиностроения, владение 8";"ООО «Татнефть-АЗС-Запад»";"06.03.2014";"";"";
"103";"Автомобильная заправочная станция № 246 «Татнефть-АЗС-Запад»";"4539482";"АЗС № 246 «Татнефть-АЗС-Запад»";"Юго-Восточный административный округ";"Нижегородский район";"Рязанский проспект, владение 2";"ООО «Татнефть-АЗС-Запад»";"06.03.2014";"";"";
"104";"Автомобильная заправочная станция № 122 «Валар»";"4539483";"АЗС № 122 «Валар»";"Западный административный округ";"Можайский район";"Можайское шоссе, владение 58";"ООО «Валар»";"11.03.2014";"";"";
"105";"Многофункциональный автомобильный заправочный комплекс «Спасская» «Петрол Комплекс Эквипмент Кампани»";"4539484";"МАЗК «Спасская» «Петрол Комплекс Эквипмент Кампани»";"Северо-Западный административный округ";"район Строгино";"65-й километр Московской Кольцевой Автодороги, владение 1";"ЗАО «Петрол Комплекс Эквипмент Кампани»";"11.03.2014";"";"";
"109";"Автомобильная заправочная станция № 82 «Татнефть-АЗС-Запад»";"4539485";"АЗС № 82 «Татнефть-АЗС-Запад»";"Восточный административный округ";"район Ивановское";"1-й километр Московской Кольцевой Автодороги, владение 2";"ООО «Татнефть-АЗС-Запад»";"12.03.2014";"";"";
"110";"Автомобильная заправочная станция № 84 «Татнефть-АЗС-Запад»";"4539486";"АЗС № 84 «Татнефть-АЗС-Запад»";"Восточный административный округ";"район Ивановское";"шоссе Энтузиастов, дом 92Г";"ООО «Татнефть-АЗС-Запад»";"12.03.2014";"";"";
"112";"Многофункциональный автомобильный заправочный комплекс «Котловка» «Петрол Комплекс Эквипмент Кампани»";"4539487";"МАЗК «Котловка» «Петрол Комплекс Эквипмент Кампани»";"Юго-Западный административный округ";"район Котловка";"Севастопольский проспект, дом 8";"ЗАО «Петрол Комплекс Эквипмент Кампани»";"13.03.2014";"";"";
"114";"Многофункциональный автомобильный заправочный комплекс «Профсоюзная» «Петрол Комплекс Эквипмент Кампани»";"4539488";"МАЗК «Профсоюзная» «Петрол Комплекс Эквипмент Кампани»";"Юго-Западный административный округ";"район Коньково";"Профсоюзная улица, дом 84А";"ЗАО «Петрол Комплекс Эквипмент Кампани»";"13.03.2014";"";"";
"117";"Автомобильная заправочная станция № 2 «Аванти МТА»";"4539489";"АЗС № 2 «Аванти МТА»";"Северо-Западный административный округ";"район Митино";"Пятницкое шоссе, владение 20";"ООО «Аванти МТА»";"18.03.2014";"";"";
"118";"Автомобильная заправочная станция № 31 «СБС»";"4539490";"АЗС № 31 «СБС»";"Северо-Восточный административный округ";"Алексеевский район";"улица Космонавтов, владение 19";"ООО Компания «СБС»";"31.03.2014";"";"";
"120";"Автомобильная заправочная станция № 1 «Сокол»";"4539491";"АЗС № 1 «Сокол»";"Новомосковский административный округ";"поселение Московский";"32-й километр Калужского шоссе";"ООО «Сокол»";"10.04.2014";"";"";
"126";"Автомобильная заправочная станция «Фирма ОЛА» на Минской улице, дом 4 А";"4539492";"АЗС «Фирма ОЛА» на Минской улице, дом 4А";"Западный административный округ";"район Филёвский Парк";"Минская улица, дом 4А";"ООО «Фирма ОЛА»";"13.05.2014";"";"";
"128";"Автомобильна заправочная станция № 566 «Лукойл-Центрнефтепродукт» на 109 километре МКАД, владение 14";"4539493";"АЗС № 566 «Лукойл-Центрнефтепродукт» на 109 километре МКАД, владение 14";"Восточный административный округ";"район Ивановское";"109 километр МКАД, владение 14";"ООО «Лукойл-Центрнефтепродукт»";"03.06.2014";"";"";
"132";"Автомобильная заправочная станция «Эконефтепродукт» на Волоколамском шоссе, владение 101";"4539494";"АЗС «Эконефтепродукт» на Волоколамском шоссе, вледение 101";"Северо-Западный административный округ";"район Покровское-Стрешнево";"Волоколамское шоссе, владение 101";"ООО «Эконефтепродукт»";"26.06.2014";"";"";
"134";"Автомобильная заправочная станция «Сокол» в посёлке Коммунарка";"4539495";"АЗС «Сокол» в посёлке Коммунарка";"Новомосковский административный округ";"поселение Сосенское";"посёлок Коммунарка поселение Сосенское";"ООО «Сокол»";"01.07.2014";"";"";
"137";"Автомобильная заправочная станция «Приоритет - World» на Дмитровском шоссе, дом 64, корпус. 6, строение 1";"4539496";"АЗС «Приоритет - World» на Дмитровском шоссе, дом 64, корпус. 6, строение 1";"Северный административный округ";"Бескудниковский район";"Дмитровское шоссе, дом 64, корпус. 6, строение 1";"ЗАО коммерческо-холдинговая компания «Приоритет - World»";"14.08.2014";"";"";
"140";"Автомобильная заправочная станция «Луч» на улице Маршала Прошлякова, дом 12, корпус 4";"4539497";"АЗС «Луч» на улице Маршала Прошлякова, дом 12, корпус 4";"Северо-Западный административный округ";"район Строгино";"улица Маршала Прошлякова, дом 12, корпус 4";"ООО «Луч»";"11.09.2020";"";"";
"2";"Автомобильная заправочная станция № 15 «ТК Нефтепродуктсервис»";"4539498";"АЗС № 15 «ТК Нефтепродуктсервис»";"Восточный административный округ";"район Вешняки";"Кетчерская улица, дом 5";"ООО «ТК Нефтепродуктсервис»";"25.02.2013";"";"";
"4";"Автомобильная заправочная станция № 3 «Сокол»";"4539499";"АЗС № 3 «Сокол»";"Новомосковский административный округ";"поселение Сосенское";"35-й километр Калужского шоссе";"ООО «Сокол»";"26.02.2013";"";"";
"7";"Автомобильный заправочный комплекс № 3 «РН-Москва»";"4539500";"АЗК № 3 «РН-Москва»";"Северо-Восточный административный округ";"район Бибирево";"улица Пришвина, владение 6А";"ОАО «РН-Москва»";"19.03.2013";"";"";
"9";"Автомобильная заправочная станция № 12 «Транс АЗС»";"4539501";"АЗС № 12 «Транс АЗС»";"Южный административный округ";"Даниловский район";"Крутицкая набережная, дом 13А";"ЗАО «Транс АЗС»";"21.03.2013";"";"";
"10";"Автомобильная заправочная станция № 47 «Газпромнефть-Центр»";"4539502";"АЗС № 47 «Газпромнефть-Центр»";"Западный административный округ";"район Проспект Вернадского";"Ленинский проспект, дом 142А";"ООО «Газпромнефть-Центр»";"21.03.2013";"";"";
"12";"Автомобильная заправочная станция № 138 «Газпромнефть-Центр»";"4539503";"АЗС № 138 «Газпромнефть-Центр»";"Северо-Восточный административный округ";"Алтуфьевский район";"Алтуфьевское шоссе, владение 10Б";"ООО «Газпромнефть-Центр»";"28.03.2013";"";"";
"54";"Автомобильная заправочная станция «ВэСКа» на Краснополянской улице, дом 1";"4539504";"АЗС «ВэСКа» на Краснополянской улице, дом 1";"Северный административный округ";"район Западное Дегунино";"Краснополянская улица, дом 1";"ООО «ВэСКа»";"12.08.2013";"";"";
"55";"Автомобильная заправочная станция «Компания ТРАССА» на 43-м километре Калужского шоссе, строение 2";"4539505";"АЗС «Компания ТРАССА» на 43-м километре Калужского шоссе, строение 2";"Троицкий административный округ";"поселение Краснопахорское";"43-й километр Калужского шоссе, строение 2";"ООО «Компания ТРАССА»";"18.04.2017";"";"";
"56";"Автомобильная заправочная станция «Транссервис-А.С.» на Краснохоломской набережной, владение 13А";"4539506";"АЗС «Транссервис-А.С.» на Краснохоломской набережной, владение 13А";"Центральный административный округ";"Таганский район";"Краснохолмская набережная, владение 13А";"ООО «Транссервис-А.С.»";"22.08.2013";"";"";
"57";"Автомобильная заправочная станция «ОЙЛ-ТРАСТ» на 35-м километре Московской Кольцевой Автодороги, владение 6";"4539507";"АЗС «ОЙЛ-ТРАСТ» на 35-м километре Московской Кольцевой Автодороги, владение 6";"Юго-Западный административный округ";"район Ясенево";"35-й километр Московской Кольцевой Автодороги, владение 6";"ООО «ОЙЛ-ТРАСТ»";"29.08.2013";"";"";
"62";"Автомобильная заправочная станция № 520 «Лукойл-ЦНП»";"4539508";"АЗС № 520 «Лукойл-ЦНП»";"Юго-Восточный административный округ";"район Текстильщики";"Грайвороновская улица, дом 1";"ООО «Лукойл-ЦНП»";"10.09.2013";"";"";
"67";"Автомобильная заправочная станция «Россервис» на Можайском шоссе, владение 55";"4539509";"АЗС «Россервис» на Можайском шоссе, владение 55";"Западный административный округ";"Можайский район";"Можайское шоссе, владение 55";"ООО «Россервис»";"26.09.2013";"";"";
"68";"Автомобильная заправочная станция № 18 «АЗС-Регион»";"4539510";"АЗС № 18 «АЗС-Регион»";"Троицкий административный округ";"поселение Троицк";"город Троицк, микрорайон В, дом 63";"ООО «АЗС-Регион»";"01.10.2013";"";"";
"71";"Автомобильная заправочная станция № 597 «Лукойл-ЦНП»";"4539511";"АЗС № 597 «Лукойл-ЦНП»";"Южный административный округ";"Нагорный район";"Варшавское шоссе, владение 24А";"ООО «Лукойл-ЦНП»";"08.10.2013";"";"";
"76";"Автомобильная заправочная станция № 3 «Меркурий»";"4539512";"АЗС № 3 «Меркурий»";"Северо-Западный административный округ";"район Митино";"Пятницкое шоссе, дом 1";"ЗАО фирма «Меркурий»";"12.11.2013";"";"";
"78";"Автомобильная заправочная станция № 2 «Меркурий»";"4539513";"АЗС № 2 «Меркурий»";"Северо-Западный административный округ";"район Северное Тушино";"71-й километр Московской Кольцевой Автодороги, владение 9";"ЗАО фирма «Меркурий»";"12.11.2013";"";"";
"79";"Автомобильная заправочная станция «Альянс» на Варшавском шоссе, владение 206А, строение 1";"4539514";"АЗС «Альянс» на Варшавском шоссе, владение 206А, строение 1";"Юго-Западный административный округ";"район Южное Бутово";"Варшавское шоссе, владение 206А, строение 1";"ООО «Альянс»";"14.11.2013";"";"";
"82";"Автомобильная заправочная станция № 6 «Компания ТРАССА»";"4539515";"АЗС № 6 «Компания ТРАССА»";"Новомосковский административный округ";"поселение Московский";"37-й километр Киевского шоссе";"ООО «Компания ТРАССА»";"14.04.2017";"";"";
"83";"Автомобильная заправочная станция «Фортекс»";"4539516";"АЗС № 6 «Фортекс»";"Южный административный округ";"район Бирюлёво Восточное";"Загорьевский проезд, владение 12";"ООО «Фортекс»";"24.08.2021";"";"";
"89";"Автомобильная заправочная станция «Транссервис-А.С.» на Гончарной набережной, владение 9, строение 2";"4539517";"АЗС «Транссервис-А.С.» на Гончарной набережной, владение 9, строение 2";"Центральный административный округ";"Таганский район";"Гончарная набережная, владение 9, строение 2";"ООО «Транссервис-А.С.»";"06.02.2014";"";"";
"92";"Автомобильная заправочная станция № 235 «Татнефть-АЗС-Запад»";"4539518";"АЗС № 235 «Татнефть-АЗС-Запад»";"Западный административный округ";"район Фили-Давыдково";"Кутузовский проспект, владение 72";"ООО «Татнефть-АЗС-Запад»";"04.03.2014";"";"";
"94";"Автомобильная заправочная станция № 208 «Татнефть-АЗС-Запад»";"4539519";"АЗС № 208 «Татнефть-АЗС-Запад»";"Западный административный округ";"Можайский район";"улица Маршала Неделина, владение 18";"ООО «Татнефть-АЗС-Запад»";"04.03.2014";"";"";
"96";"Многофункциональный автомобильный заправочный комплекс «Медведково» «Петрол Комплекс Эквипмент Кампани»";"4539520";"МАЗК «Медведково» «Петрол Комплекс Эквипмент Кампани»";"Северо-Восточный административный округ";"район Бибирево";"87-й километр Московской Кольцевой Автодороги, владение 14";"ЗАО «Петрол Комплекс Эквипмент Кампани»";"05.03.2014";"";"";
"97";"Многофункциональный автомобильный заправочный комплекс «Гольяново» «Петрол Комплекс Эквипмент Кампани»";"4539521";"МАЗК «Гольяново» «Петрол Комплекс Эквипмент Кампани»";"Восточный административный округ";"район Гольяново";"102-й километр Московской Кольцевой Автодороги, владение 20";"ЗАО «Петрол Комплекс Эквипмент Кампани»";"05.03.2014";"";"";
"99";"Многофункциональный автомобильный заправочный комплекс «Саяны» «Петрол Комплекс Эквипмент Кампани»";"4539522";"МАЗК «Саяны» «Петрол Комплекс Эквипмент Кампани»";"Северо-Восточный административный округ";"Ярославский район";"Ярославское шоссе, владение 116";"ЗАО «Петрол Комплекс Эквипмент Кампани»";"05.03.2014";"";"";
"100";"Автомобильная заправочная станция № 261 «Татнефть-АЗС-Запад»";"4539523";"АЗС № 261 «Татнефть-АЗС-Запад»";"Центральный административный округ";"район Замоскворечье";"Жуков проезд, владение 15А";"ООО «Татнефть-АЗС-Запад»";"06.03.2014";"";"";
"108";"Автомобильная заправочная станция № 85 «Татнефть-АЗС-Запад»";"4539524";"АЗС № 85 «Татнефть-АЗС-Запад»";"Восточный административный округ";"район Новокосино";"4-й километр Московской Кольцевой Автодороги";"ООО «Татнефть-АЗС-Запад»";"12.03.2014";"";"";
"116";"Автомобильная заправочная станция № 1 «Аванти МТА»";"4539525";"АЗС № 1 «Аванти МТА»";"Северо-Западный административный округ";"район Щукино";"улица Берзарина, дом 26, корпус 1";"ООО «Аванти МТА»";"18.03.2014";"";"";
"122";"Автомобильная заправочная станция № 7 «Транссервис-А.С.»";"4539526";"АЗС № 7 «Транссервис-А.С.»";"Центральный административный округ";"Таганский район";"Волгоградский проспект, владение 1";"ООО «Транссервис-А.С.»";"15.04.2014";"";"";
"123";"Автомобильная заправочная станция «Транссервис-А.С.» на Пролетарском проспекте, владение 30А";"4539527";"АЗС «Транссервис-А.С.» на Пролетарском проспекте, владение 30А";"Южный административный округ";"район Царицыно";"Пролетарский проспект, владение 30А";"ООО «Транссервис-А.С.»";"17.04.2014";"";"";
"124";"Автомобильная заправочная станция «Вектор» на Пятницком шоссе, дом 2";"4539528";"АЗС «Вектор» на Пятницком шоссе, дом 2";"Северо-Западный административный округ";"район Митино";"Пятницкое шоссе, дом 2";"ООО «Вектор»";"22.04.2014";"";"";
"125";"Автомобильная заправочная станция «Фортекс» на Алтуфьевском шоссе, дом 77Б";"4539529";"АЗС «Фортекс» на Алтуфьевском шоссе, дом 77Б";"Северо-Восточный административный округ";"Алтуфьевский район";"Алтуфьевское шоссе, дом 77Б";"ООО «Фортекс»";"24.04.2014";"";"";
"130";"Автомобильная заправочная станция «Академическая» на проспекте 60-ти летия Октября, владение 8, строение 1";"4539530";"АЗС «Академическая» на проспекте 60-ти летия Октября, владение 8, строение 1";"Юго-Западный административный округ";"Академический район";"проспект 60-ти летия Октября, владение 8, строение 1";"ОАО «РН-Столица»";"19.06.2014";"";"";
"135";"Автомобильная заправочная станция «Приоритет - World» на Южнопортовой улице, дом 19Б";"4539531";"АЗС «Приоритет - World» на Южнопортовой улице, дом 19Б";"Юго-Восточный административный округ";"район Печатники";"Южнопортовая улица, дом 19Б";"ЗАО коммерческо-холдинговая компания «Приоритет - World»";"14.08.2014";"";"";
"138";"Автомобильная заправочная станция ПКП «КАРТЕКС» на улице Садовники, дом 11А, строение 1";"4539532";"АЗС ПКП «КАРТЕКС» на улице Садовники, дом 11А, строение 1";"Южный административный округ";"район Нагатино-Садовники";"улица Садовники, дом 11А, строение 1";"ООО ПКП «КАРТЕКС»";"21.08.2014";"";"";
"142";"Автомобильная заправочная станция «Нефтьмагистраль» на Южнопортовой улице, дом 38Б";"4539533";"АЗС «Нефтьмагистраль» на Южнопортовой улице, дом 38Б";"Юго-Восточный административный округ";"район Печатники";"Южнопортовая улица, дом 38Б";"ООО «ТД Нефтьмагистраль»";"30.09.2014";"";"";
"8";"Автомобильная заправочная станция «Авто-Сервис» на 3-й Парковой улице, дом 55";"4539534";"АЗС «Авто-Сервис» на 3-й Парковой улице, дом 55";"Восточный административный округ";"район Северное Измайлово";"3-я Парковая улица, дом 55";"ООО «Авто-Сервис»";"19.03.2013";"";"";
"13";"Автомобильный заправочный комплекс № 2 «РН-Москва»";"4539535";"АЗК № 2 «РН-Москва»";"Северо-Восточный административный округ";"Алтуфьевский район";"Алтуфьевское шоссе, владение 19";"ОАО «РН-Москва»";"04.04.2013";"";"";
"18";"Автомобильная заправочная станция № 544 «Лукойл-Центрнефтепродукт»";"4539536";"АЗС № 544 «Лукойл-Центрнефтепродукт»";"Северный административный округ";"район Сокол";"улица Зорге, дом 23, сооружение 1";"ООО «Лукойл-Центрнефтепродукт»";"10.04.2013";"";"";
"24";"Автомобильный заправочный комплекс № 76 «РН-Москва»";"4539537";"АЗК № 76 «РН-Москва»";"Юго-Восточный административный округ";"район Люблино";"11-й километр Московской Кольцевой Автодороги";"ОАО «РН-Москва»";"23.04.2013";"";"";
"28";"Автомобильная заправочная станция № 104 «Газпромнефть-Центр»";"4539538";"АЗС № 104 «Газпромнефть-Центр»";"Юго-Западный административный округ";"Академический район";"улица Дмитрия Ульянова, дом 9А";"ООО «Газпромнефть-Центр»";"29.04.2013";"";"";
"30";"Автомобильный заправочный комплекс № 7 «Валар»";"4539539";"АЗК № 7 «Валар»";"Юго-Западный административный округ";"район Котловка";"Нахимовский проспект, дом 10, строение 1";"ООО «Валар»";"14.05.2013";"";"";
"37";"Автомобильный заправочный комплекс № 6 «Валар»";"4539540";"АЗК № 6 «Валар»";"Восточный административный округ";"район Соколиная Гора";"улица Уткина, дом 45Б";"ООО «Валар»";"21.05.2013";"";"";
"40";"Автомобильная заправочная станция «Буран-Петрол» на 58-м километре Калужского шоссе";"4539541";"АЗС «Буран-Петрол» на 58-м километре Калужского шоссе";"Троицкий административный округ";"поселение Вороновское";"58-й километр Калужского шоссе";"ООО «Буран-Петрол»";"26.03.2021";"";"";
"41";"Автомобильная заправочная станция «Кузин А.А.» на Симферопольском шоссе, владение 1, строение 1";"4539542";"АЗС «Кузин А.А.» на Симферопольском шоссе, владение 1, строение 1";"Новомосковский административный округ";"поселение Щербинка";"Симферопольское шоссе, владение 1, строение 1";"ИП Кузин А.А.";"28.05.2013";"";"";
"43";"Автомобильная заправочная станция «Альфа-Петрол» на улице Генерала Белобородова, строение 40";"4539543";"АЗС «Альфа-Петрол» на улице Генерала Белобородова, строение 40";"Северо-Западный административный округ";"район Митино";"улица Генерала Белобородова, строение 40";"ООО «Альфа-Петрол»";"11.06.2013";"";"";
"48";"Автомобильная заправочная станция «Бондаренко А.В.» на 34-м километре Киевского шоссе";"4539544";"АЗС «Бондаренко А.В.» на 34-м километре Киевского шоссе";"Новомосковский административный округ";"поселение Московский";"34-й километр Киевского шоссе";"ИП Бондаренко А.В.";"12.07.2013";"";"";
"51";"Автомобильная заправочная станция «САГАН» на Симферопольском шоссе, владение 16А";"4539545";"АЗС «САГАН» на Симферопольском шоссе, владение 16А";"Новомосковский административный округ";"поселение Щербинка";"Симферопольское шоссе, владение 16А";"ООО «САГАН»";"08.08.2013";"";"";
"60";"Автомобильная заправочная станция «Нефтепродуктсервис» на Осташковской улице, владение 18А";"4539546";"АЗС «Нефтепродуктсервис» на Осташковской улице, владение 18А";"Северо-Восточный административный округ";"район Северное Медведково";"Осташковская улица, владение 18А";"ООО «Нефтепродуктсервис»";"02.09.2013";"";"";
"64";"Автомобильная заправочная станция «АЗС-Регион» в деревне Троицкое";"4539547";"АЗС «АЗС-Регион» в деревне Троицкое";"Троицкий административный округ";"поселение Щаповское";"деревня Троицкое";"ООО «АЗС-Регион»";"12.09.2013";"";"";
"65";"Автомобильная заправочная станция № 11 «ОЙЛ-ТРАСТ»";"4539548";"АЗС № 11 «ОЙЛ-ТРАСТ»";"Западный административный округ";"район Очаково-Матвеевское";"52-й километр Московской Кольцевой Автодороги, владение 4";"ООО «ОЙЛ-ТРАСТ»";"26.09.2013";"";"";
"66";"Автомобильная заправочная станция «Интертрест-Ойл» на 53-м километре Московской Кольцевой Автодороги, владение 6Б";"4539549";"АЗС «Интертрест-Ойл» на 53-м километре Московской Кольцевой Автодороги, владение 6Б";"Западный административный округ";"Можайский район";"53-й километр Московской Кольцевой Автодороги, владение 6Б";"ООО «Интертрест-Ойл»";"26.09.2013";"";"";
"70";"Автомобильная заправочная станция «Спрут» в деревне Ясенки";"4539550";"АЗС «Спрут» в деревне Ясенки";"Троицкий административный округ";"поселение Вороновское";"деревня Ясенки";"ООО «Спрут»";"08.10.2013";"";"";
"73";"Автомобильная заправочная станция № 5 «Меркурий»";"4539551";"АЗС № 5 «Меркурий»";"Северо-Западный административный округ";"район Южное Тушино";"Походный проезд, дом 12";"ЗАО фирма «Меркурий»";"07.11.2013";"";"";
"74";"Автомобильная заправочная станция № 4 «Меркурий»";"4539552";"АЗС № 4 «Меркурий»";"Северо-Западный административный округ";"район Южное Тушино";"Строительный проезд, дом 6, строение 1";"ЗАО фирма «Меркурий»";"07.11.2013";"";"";
"77";"Автомобильная заправочная станция № 6 «Меркурий»";"4539553";"АЗС № 6 «Меркурий»";"Северо-Западный административный округ";"район Митино";"улица Барышиха, владение 3";"ЗАО фирма «Меркурий»";"12.11.2013";"";"";
"81";"Автомобильная заправочная станция № 5 «Компания ТРАССА»";"4539554";"АЗС № 5 «Компания ТРАССА»";"Новомосковский административный округ";"поселение Московский";"38-й километр Киевского шоссе";"ООО «Компания ТРАССА»";"14.04.2017";"";"";
"84";"Автомобильная заправочная станция № 33 «Компания ТРАССА»";"4539555";"АЗС № 33 «Компания ТРАССА»";"Троицкий административный округ";"поселение Краснопахорское";"деревня Софьино";"ООО «Компания ТРАССА»";"17.12.2013";"";"";
"85";"Автомобильная заправочная станция «МАС» на проспекте Вернадского, владение 10А";"4539556";"АЗС «МАС» на проспекте Вернадского, владение 10А";"Западный административный округ";"район Раменки";"проспект Вернадского, владение 10А";"ООО «МАС»";"14.01.2014";"";"";
"95";"Автомобильная заправочная станция № 28 «Татнефть-АЗС-Запад»";"4539557";"АЗС № 28 «Татнефть-АЗС-Запад»";"Западный административный округ";"Можайский район";"Рябиновая улица, дом 12";"ООО «Татнефть-АЗС-Запад»";"04.09.2020";"";"";
"102";"Автомобильная заправочная станция № 263 «Татнефть-АЗС-Запад»";"4539558";"АЗС № 263 «Татнефть-АЗС-Запад»";"Юго-Восточный административный округ";"район Печатники";"1-й Угрешский проезд, владение 10";"ООО «Татнефть-АЗС-Запад»";"06.03.2014";"";"";
"106";"Многофункциональный автомобильный заправочный комплекс «Рублевская» «Петрол Комплекс Эквипмент Кампани»";"4539559";"МАЗК «Рублевская» «Петрол Комплекс Эквипмент Кампани»";"Западный административный округ";"район Крылатское";"60-й километр Московской Кольцевой Автодороги, владение 4Б";"ЗАО «Петрол Комплекс Эквипмент Кампани»";"11.03.2014";"";"";
"107";"Многофункциональный автомобильный заправочный комплекс «Химки» «Петрол Комплекс Эквипмент Кампани»";"4539560";"МАЗК «Химки» «Петрол Комплекс Эквипмент Кампани»";"Северо-Западный административный округ";"район Северное Тушино";"74-й километр Московской Кольцевой Автодороги, владение 5";"ЗАО «Петрол Комплекс Эквипмент Кампани»";"11.03.2014";"";"";
"111";"Автомобильная заправочная станция № 83 «Татнефть-АЗС-Запад»";"4539561";"АЗС № 83 «Татнефть-АЗС-Запад»";"Восточный административный округ";"район Гольяново";"Щёлковское шоссе, дом 93А";"ООО «Татнефть-АЗС-Запад»";"12.03.2014";"";"";
"113";"Многофункциональный автомобильный заправочный комплекс «Донская» «Петрол Комплекс Эквипмент Кампани»";"4539562";"МАЗК «Донская» «Петрол Комплекс Эквипмент Кампани»";"Южный административный округ";"Донской район";"Загородное шоссе, дом 2Б";"ЗАО «Петрол Комплекс Эквипмент Кампани»";"13.03.2014";"";"";
"115";"Многофункциональный автомобильный заправочный комплекс «Беляево» «Петрол Комплекс Эквипмент Кампани»";"4539563";"МАЗК «Беляево» «Петрол Комплекс Эквипмент Кампани»";"Юго-Западный административный округ";"район Коньково";"Профсоюзная улица, дом 67А";"ЗАО «Петрол Комплекс Эквипмент Кампани»";"13.03.2014";"";"";
"119";"Автомобильная заправочная станция «Ойл Сити» на Новосущёвской улице, владение 5, строение 1";"4539564";"АЗС «Ойл Сити» на Новосущёвской улице, владение 5, строение 1";"Центральный административный округ";"Тверской район";"Новосущёвская улица, владение 5, строение 1";"ООО «Ойл Сити»";"08.04.2014";"";"";
"121";"Автомобильная заправочная станция № 5 «Транссервис-А.С.»";"4539565";"АЗС № 5 «Транссервис-А.С.»";"Центральный административный округ";"Таганский район";"Гончарная набережная, владение 9, строение 2";"ООО «Транссервис-А.С.»";"15.04.2014";"";"";
"129";"Автомобильная заправочная станция № 1 «ПЕТРОЛ РЕСУРС» на Саввинской набережной, дом 7А";"4539566";"АЗС № 1 «ПЕТРОЛ РЕСУРС» на Саввинской набережной, дом 7А";"Центральный административный округ";"район Хамовники";"Саввинская набережная, дом 7А";"ООО «ПЕТРОЛ РЕСУРС»";"10.06.2014";"";"";
"131";"Автомобильная заправочная станция № 1 «ТСК-МАКС» на Балаклавском проспекте, владение 11";"4539567";"АЗС № 1 «ТСК-МАКС» на Балаклавском проспекте, владение 11";"Южный административный округ";"район Чертаново Северное";"Балаклавский проспект, владение 11";"ЗАО «ТСК -МАКС»";"19.06.2014";"";"";
"133";"Автомобильная заправочная станция «Академавтотранс» на улице Вавилова, дом 21";"4539568";"АЗС «Академавтотранс» на улице Вавилова, дом 21";"Юго-Западный административный округ";"Академический район";"улица Вавилова, дом 21";"ФГБУ ПОАТ УД РАН «Академавтотранс»";"01.07.2014";"";"";
"136";"Автомобильная заправочная станция № 125 ООО «Интертрест-Ойл» на Московской кольцевой автомобильной дороге 53 километр";"4539569";"АЗС № 125 ООО «Интертрест-Ойл» на Московской кольцевой автомобильной дороге 53 километр";"Западный административный округ";"Можайский район";" Московская кольцевая автомобильная дорога, 53 километр";"ООО «Интертрест-Ойл»";"14.08.2014";"";"";
"141";"Автомобильная заправочная станция «ТрансАЗС» на 1-м Красногвардейском проезде, дом 4А";"4539570";"АЗС «ТрансАЗС» на 1-м Красногвардейском проезде, дом 4А";"Центральный административный округ";"Пресненский район";"1-й Красногвардейский проезд, дом 4А";"ЗАО «ТрансАЗС»";"11.09.2014";"";"";
"143";"Автомобильная заправочная станция «Сети» на Южнопортовой улице, владение 17Д, строение 1";"4539571";"АЗС «Сети» на Южнопортовой улице, владение 17Д, строение 1";"Юго-Восточный административный округ";"район Печатники";"Южнопортовая улица, владение 17Д, строение 1";"ЗАО «Сети»";"30.09.2014";"";"";
"144";"Автомобильная заправочная станция № 12 «РН-Москва» на улице Айвазовского, владение 2А";"13409149";"АЗС № 12 «РН-Москва» на улице Айвазовского, владение 2А";"Юго-Западный административный округ";"район Ясенево";"улица Айвазовского, владение 2А";"ОАО «РН-Москва»";"06.11.2014";"";"";
"145";"Автомобильная заправочная станция «Интернешнл Петролиум Сервис» на улице Борисовские пруды, дом 1Г, сооружение 1";"13532286";"АЗС «Интернешнл Петролиум Сервис» на улице Борисовские пруды, дом 1Г, сооружение 1";"Южный административный округ";"район Москворечье-Сабурово";"улица Борисовские пруды, дом 1Г, сооружение 1";"ООО «Интернешнл Петролиум Сервис»";"06.11.2014";"";"";
"146";"Автомобильная заправочная станция «Фортекс» на Сетуньском 1-м проезде, корпус 2, строение 1";"13532290";"АЗС «Фортекс» на Сетуньском 1-м проезде, корпус 2, строение 1";"Западный административный округ";"район Раменки";"Сетуньский 1-й проезд, корпус 2, строение 1";"ООО «Фортекс»";"13.11.2014";"";"";
"147";"Автомобильная заправочная станция «Фортекс» на Алтуфьевском шоссе, владение 77Б";"13532292";"АЗС «Фортекс» на Алтуфьевском шоссе, владение 77Б";"Северо-Восточный административный округ";"Алтуфьевский район";"Алтуфьевское шоссе, владение 77Б";"ООО «Фортекс»";"13.11.2014";"";"";
"148";"Автомобильная заправочная станция «Влата» на Ореховом бульваре, дом 27, корпус 1";"13532294";"АЗС «Влата» на Ореховом бульваре, дом 27, корпус 1";"Южный административный округ";"район Зябликово";" Ореховый бульвар, дом 27, корпус 1";"ЗАО «Влата»";"14.11.2014";"";"";
"149";"Автомобильная заправочная станция «Спурт-94» на улице Барышиха, владение 41";"13532297";"АЗС «Спурт-94» на улице Барышиха, владение 41";"Северо-Западный административный округ";"район Митино";"улица Барышиха, владение 41";"ЗАО «Спурт-94»";"02.12.2014";"";"";
"150";"Автомобильная заправочная станция «Фирма «Интероргсинтез» на Лианозовском проезде, владение 12";"13532301";"АЗС «Фирма «Интероргсинтез» на Лианозовском проезде, владение 12";"Северо-Восточный административный округ";"район Лианозово";"Лианозовский проезд, владение 12";"ООО «Фирма «Интероргсинтез»";"09.12.2014";"";"";
"151";"Автомобильная заправочная станция «Компания «Лема» на 67-м километре Московской Кольцевой Автодороги, дом 7";"13532307";"АЗС «Компания «Лема» на 67-м километре Московской Кольцевой Автодороги, дом 7";"Северо-Западный административный округ";"район Митино";"67-й километр Московской Кольцевой Автодороги, дом 7";"ЗАО «Компания «Лема»";"16.12.2014";"";"";
"152";"Автомобильная заправочная станция «ЛУКХАУС» на Каширском шоссе, владение 23А";"13532310";"АЗС «ЛУКХАУС» на Каширском шоссе, владение 23А";"Южный административный округ";"район Нагатино-Садовники";"Каширское шоссе, владение 23А";"ООО «ЛУКХАУС»";"02.04.2021";"";"";
"153";"Автомобильная заправочная станция «АрфаПлюс» на 74-м километре Московской Кольцевой Автодороги, владение 4";"13894329";"АЗС «АрфаПлюс» на 74-м километре Московской Кольцевой Автодороги, владение 4";"Северо-Западный административный округ";"район Куркино";"74-й километр Московской Кольцевой Автодороги, владение 4";"ООО «АрфаПлюс»";"26.02.2019";"";"";
"154";"Автомобильная заправочная станция «Комплект-Ойл» на 1-м километре Симферопольского шоссе, дом 1";"13894330";"АЗС «Комплект-Ойл» на 1-м километре Симферопольского шоссе, дом 1";"Юго-Западный административный округ";"район Южное Бутово";"1-й километр Симферопольского шоссе, дом 1";"ООО «Комплект-Ойл»";"26.03.2015";"";"";
"155";"Автомобильная заправочная станция «ЛатрансКо» в поселке Шишкин Лес";"13894342";"АЗС «ЛатрансКо» в поселке Шишкин Лес";"Троицкий административный округ";"поселение Михайлово-Ярцевское";"поселок Шишкин Лес";"ООО «ЛатрансКо»";"02.04.2015";"";"";
"156";"Автомобильная заправочная станция «Ресурс-Трейдинг» в городе Троицк на 41-м километре Калужского шоссе";"14154623";"АЗС «Ресурс-Трейдинг» в городе Троицк на 41-м километре Калужского шоссе";"Троицкий административный округ";"поселение Троицк";"город Троицк, 41-й километр Калужского шоссе";"ООО «Ресурс-Трейдинг»";"23.04.2015";"";"";
"157";"Автомобильная заправочная станция «Шелл Нефть» на улице Привольная, дом 70";"14154627";"АЗС «Шелл Нефть» на улице Привольная, дом 70";"Юго-Восточный административный округ";"район Выхино-Жулебино";"улица Привольная, дом 70";"ООО «Шелл Нефть»";"28.04.2015";"";"";
"158";"Автомобильная заправочная станция «Шелл Нефть» на Лермонтовском проспекте, владение 151-157";"14154628";"АЗС «Шелл Нефть» на Лермонтовском проспекте, владение 151-157";"Юго-Восточный административный округ";"район Выхино-Жулебино";"Лермонтовский проспект, владение 151-157";"ООО «Шелл Нефть»";"28.04.2015";"";"";
"159";"Автомобильная заправочная станция «Шелл Нефть» на улице Привольной, дом 4, корпус 2";"14154629";"АЗС «Шелл Нефть» на улице Привольной, дом 4, корпус 2";"Юго-Восточный административный округ";"район Выхино-Жулебино";"улица Привольная, дом 4, корпус 2";"ООО «Шелл Нефть»";"28.04.2015";"";"";
"160";"Автомобильная заправочная станция «Шелл Нефть» на улице Каскадной, владение 21";"14154630";"АЗС «Шелл Нефть» на улице Каскадной, владение 21";"Восточный административный округ";"район Косино-Ухтомский";"улица Каскадная, владение 21";"ООО «Шелл Нефть»";"28.04.2015";"";"";
"161";"Автомобильная заправочная станция «Шелл Нефть» на Аминьевском шоссе, владение 33";"14154633";"АЗС «Шелл Нефть» на Аминьевском шоссе, владение 33";"Западный административный округ";"Можайский район";"Аминьевское шоссе, владение 33";"ООО «Шелл Нефть»";"30.04.2015";"";"";
"162";"Автомобильная заправочная станция «Шелл Нефть» на Ленинградском шоссе, владение 227";"14154635";"АЗС «Шелл Нефть» на Ленинградском шоссе, владение 227";"Северный административный округ";"Молжаниновский район";"Ленинградское шоссе, владение 227";"ООО «Шелл Нефть»";"30.04.2015";"";"";
"163";"Автомобильная заправочная станция «Шелл Нефть» на Сельскохозяйственной улице, дом 40";"14154643";"АЗС «Шелл Нефть» на Сельскохозяйственной улице, дом 40";"Северо-Восточный административный округ";"район Свиблово";"Сельскохозяйственная улица, дом 40";"ООО «Шелл Нефть»";"05.05.2015";"";"";
"164";"Автомобильная заправочная станция «Шелл Нефть» на Большой Оленьей улице, владение 18";"14154644";"АЗС «Шелл Нефть» на Большой Оленьей улице, владение 18";"Восточный административный округ";"район Сокольники";"Большая Оленья улица, владение 18";"ООО «Шелл Нефть»";"05.05.2015";"";"";
"165";"Автомобильная заправочная станция «Шелл Нефть» в Юрьевском переулке, дом 17, владение 1";"14154645";"АЗС «Шелл Нефть» в Юрьевском переулке, дом 17, владение 1";"Юго-Восточный административный округ";"район Лефортово";"Юрьевский переулок, дом 17, владение 1";"ООО «Шелл Нефть»";"05.05.2015";"";"";
"166";"Автомобильная заправочная станция «Шелл Нефть» на Каширском шоссе, владение 150";"14154646";"АЗС «Шелл Нефть» на Каширском шоссе, владение 150";"Южный административный округ";"район Орехово-Борисово Южное";"Каширское шоссе, владение 150";"ООО «Шелл Нефть»";"07.05.2015";"";"";
"167";"Автомобильная заправочная станция «Шелл Нефть» на улице Марьинский парк, дом 12";"14154647";"АЗС «Шелл Нефть» на улице Марьинский парк, дом 12";"Юго-Восточный административный округ";"район Марьино";"улица Марьинский парк, дом 12";"ООО «Шелл Нефть»";"07.05.2015";"";"";
"168";"Автомобильная заправочная станция «Шелл Нефть» на улице Перерва, дом 65, строение 1";"14154648";"АЗС «Шелл Нефть» на улице Перерва, дом 65, строение 1";"Юго-Восточный административный округ";"район Марьино";"улица Перерва, дом 65, строение 1";"ООО «Шелл Нефть»";"07.05.2015";"";"";
"169";"Автомобильная заправочная станция «Шелл Нефть» на Волгоградском проспекте, владение 79, строение 1";"14154649";"АЗС «Шелл Нефть» на Волгоградском проспекте, владение 79, строение 1";"Юго-Восточный административный округ";"район Текстильщики";"Волгоградский проспект, владение 79, строение 1";"ООО «Шелл Нефть»";"07.05.2015";"";"";
"171";"Автомобильная заправочная станция «Опора» в городе Троицк, микрорайон В, дом 63";"14155100";"АЗС «Опора» в городе Троицк, микрорайон В, дом 63";"Троицкий административный округ";"поселение Троицк";"город Троицк, микрорайон В, дом 63";"ООО «Опора»";"26.05.2016";"";"";
"172";"Автомобильная заправочная станция «РН-Москва» на 41-м километре Калужского шоссе";"14155102";"АЗС «РН-Москва» на 41-м километре Калужского шоссе";"Троицкий административный округ";"поселение Троицк";"41-й километр Калужского шоссе";"ОАО «РН-Москва»";"19.05.2015";"";"";
"173";"Автомобильная заправочная станция «Филатов В.А.» в Зеленограде, на Заводской улице, дом 38";"14155103";"АЗС «Филатов В.А.» в Зеленограде, на Заводской улице, дом 38";"Зеленоградский административный округ";"район Крюково";"Зеленоград, Заводская улиц, дом 38";"ИП «Филатов В.А.»";"20.05.2015";"";"";
"174";"Автомобильная заправочная станция «ТК Нефтепродуктсервис» на Осташковской улице, владение 18А";"14155112";"АЗС «ТК Нефтепродуктсервис» на Осташковской улице, владение 18А";"Северо-Восточный административный округ";"Лосиноостровский район";"Осташковская улица, владение 18А";"ООО «ТК Нефтепродуктсервис»";"22.05.2015";"";"";
"175";"Автомобильная заправочная станция «НБА-Северо-Запад» на Полярной улице, владение 37В";"14155115";"АЗС «НБА-Северо-Запад» на Полярной улице, владение 37В";"Северо-Восточный административный округ";"район Северное Медведково";"Полярная улица, владение 37В";"ООО «НБА-Северо-Запад»";"22.05.2015";"";"";
"176";"Автомобильная заправочная станция «ТрансАЗС» на Полярном проезде, владение 4А";"14155117";"АЗС «ТрансАЗС» на Полярном проезде, владение 4А";"Северо-Восточный административный округ";"район Северное Медведково";"Полярный проезд, владение 4А";"ЗАО «ТрансАЗС»";"22.05.2015";"";"";
"177";"Автомобильная заправочная станция «ЕКА-АЗС» на Сокольнической 5-й улице, владение 16А";"14155120";"АЗС «ЕКА-АЗС» на Сокольнической 5-й улице, владение 16А";"Восточный административный округ";"район Сокольники";"Сокольническая 5-я улица, владение 16А";"ООО «ЕКА-АЗС»";"25.05.2015";"";"";
"178";"Автомобильная заправочная станция «Сервис ФСП» на Краснобогатырской улице, владение 22";"14155122";"АЗС «Сервис ФСП» на Краснобогатырской улице, владение 22";"Восточный административный округ";"район Богородское";"Краснобогатырская улица, владение 22";"ООО «Сервис ФСП»";"25.05.2015";"";"";
"179";"Автомобильная заправочная станция «Долус» на Большой Косинской улице, владение 1Г";"14155124";"АЗС «Долус» на Большой Косинской улице, владение 1Г";"Восточный административный округ";"район Косино-Ухтомский";"Большая Косинская улица, владение 1Г";"ЗАО «Долус»";"18.12.2020";"";"";
"180";"Автомобильная заправочная станция «УК НИКОЙЛ» на Шоссейной улице, дом 88";"14155126";"АЗС «УК НИКОЙЛ» на Шоссейной улице, дом 88";"Юго-Восточный административный округ";"район Печатники";"Шоссейная улица, дом 88";"ООО «УК НИКОЙЛ»";"16.05.2017";"";"";
"181";"Автомобильная заправочная станция «Механизация-2» на Южнопортовой улице, дом 17";"14155135";"АЗС «Механизация-2» на Южнопортовой улице, дом 17";"Юго-Восточный административный округ";"район Печатники";"Южнопортовая улица, дом 17";"ОАО «Механизация-2»";"26.05.2015";"";"";
"182";"Автомобильная заправочная станция «АРС» на улице Садовники, дом 11А, строение 1";"14155137";"АЗС «АРС» на улице Садовники, дом 11А, строение 1";"Южный административный округ";"район Нагатино-Садовники";"улица Садовники, дом 11А, строение 1";"ООО «АРС»";"18.08.2017";"";"";
"183";"Автомобильная заправочная станция «НБА-Северо-Запад» на проспекте Андропова, дом 9, строение 1";"14155138";"АЗС «НБА-Северо-Запад» на проспекте Андропова, дом 9, строение 1";"Южный административный округ";"район Нагатинский Затон";"проспект Андропова, дом 9, строение 1";"ООО «НБА-Северо-Запад»";"27.05.2015";"";"";
"184";"Автомобильная заправочная станция «ЕКА-АЗС» на улице Подольских курсантов, владение 26А";"14155139";"АЗС «ЕКА-АЗС» на улице Подольских курсантов, владение 26А";"Южный административный округ";"район Бирюлёво Западное";"улица Подольских курсантов, владение 26А";"ООО «ЕКА-АЗС»";"27.05.2015";"";"";
"185";"Автомобильная заправочная станция «Фортекс» на улице Обручева, дом 50";"14155140";"АЗС «Фортекс» на улице Обручева, дом 50";"Юго-Западный административный округ";"район Коньково";"улица Обручева, дом 50";"ООО «Фортекс»";"21.11.2017";"";"";
"186";"Автомобильная заправочная станция «НБА-Северо-Запад» на улице Обручева, дом 25А";"14155141";"АЗС «НБА-Северо-Запад» на улице Обручева, дом 25А";"Юго-Западный административный округ";"Обручевский район";"улица Обручева, дом 25А";"ООО «НБА-Северо-Запад»";"28.05.2015";"";"";
"187";"Автомобильная заправочная станция «НБА-Северо-Запад» на Нахимовском проспекте, дом 21, строение 1";"14155142";"АЗС «НБА-Северо-Запад» на Нахимовском проспекте, дом 21, строение 1";"Юго-Западный административный округ";"район Зюзино";"Нахимовский проспект, дом 21, строение 1";"ООО «НБА-Северо-Запад»";"28.05.2015";"";"";
"188";"Автомобильная заправочная станция «НБА-Северо-Запад» в Лесном 4-м переулке, владение 2";"14155143";"АЗС «НБА-Северо-Запад» в Лесном 4-м переулке, владение 2";"Центральный административный округ";"Тверской район";"Лесной 4-й переулок, владение 2";"ООО «НБА-Северо-Запад»";"29.05.2015";"";"";
"189";"Автомобильная заправочная станция «ЭНИ-НЕФТО» на Ленинградском шоссе, дом 63Г";"14155144";"АЗС «ЭНИ-НЕФТО» на Ленинградском шоссе, дом 63Г";"Северный административный округ";"район Левобережный";"Ленинградское шоссе, дом 63Г";"ООО «ЭНИ-НЕФТО»";"01.06.2015";"";"";
"190";"Автомобильная заправочная станция «Шелл Нефть» на Ленинградском шоссе, владение 47А";"14155145";"АЗС «Шелл Нефть» на Ленинградском шоссе, владение 47А";"Северный административный округ";"Головинский район";"Ленинградское шоссе, владение 47А";"ООО «Шелл Нефть»";"01.06.2015";"";"";
"191";"Автомобильная заправочная станция «Интеройл» на улице Зенитчиков, дом 7";"14155146";"АЗС «Интеройл» на улице Зенитчиков, дом 7";"Северо-Западный административный округ";"район Митино";"улица Зенитчиков, дом 7";"ООО НГК «Интеройл»";"02.06.2015";"";"";
"192";"Автомобильная заправочная станция «Газпромнефть-Северо-Запад» на Кутузовском проспекте, владение 52";"14155147";"АЗС «Газпромнефть-Северо-Запад» на Кутузовском проспекте, владение 52";"Западный административный округ";"район Фили-Давыдково";"Кутузовский проспект, владение 52";"ЗАО «Газпромнефть-Северо-Запад»";"03.06.2015";"";"";
"193";"Автомобильная заправочная станция «НБА-Северо-Запад» на набережной Тараса Шевченко";"14155148";"АЗС «НБА-Северо-Запад» на набережной Тараса Шевченко";"Западный административный округ";"район Дорогомилово";"набережная Тараса Шевченко";"ООО «НБА-Северо-Запад»";"03.06.2015";"";"";
"194";"Автомобильная заправочная станция «Лукойл-Центрнефтепродукт» на Боровском шоссе, дом 2, строение 1";"14155149";"АЗС «Лукойл-Центрнефтепродукт» на Боровском шоссе, дом 2, строение 1";"Западный административный округ";"район Солнцево";"Боровское шоссе, дом 2, строение 1";"ООО «Лукойл-Центрнефтепродукт»";"03.06.2015";"";"";
"195";"Автомобильная заправочная станция «Саган» на Симферопольском шоссе, дом 9";"25747449";"АЗС «Саган» на Симферопольском шоссе, дом 9";"Новомосковский административный округ";"поселение Щербинка";"Симферопольское шоссе, дом 9";"ООО «Саган»";"01.07.2015";"";"";
"196";"Автомобильная заправочная станция «Федонин В.Г.» на Симферопольском шоссе, дом 1, строение 1";"25748908";"АЗС «Федонин В.Г.» на Симферопольском шоссе, дом 1, строение 1";"Новомосковский административный округ";"поселение Щербинка";"Симферопольское шоссе, дом 1, строение 1";"ИП Федонин В.Г.";"01.07.2015";"";"";
"197";"Автомобильная заправочная станция «Буран Петрол» на 58-м километре Калужского шоссе";"25751810";"АЗС «Буран Петрол» на 58-м километре Калужского шоссе";"Троицкий административный округ";"поселение Вороновское";"58-й километр Калужского шоссе";"ООО «Буран Петрол»";"05.05.2016";"";"";
"198";"Автомобильная заправочная станция «ТРГ-Центр» в поселении Вороновское";"25754680";"АЗС «ТРГ-Центр» в поселении Вороновское";"Троицкий административный округ";"поселение Вороновское";"поселение Вороновское";"ООО «ТРГ-Центр»";"03.07.2015";"";"";
"199";"Автомобильная заправочная станция «Лукойл-Центрнефтепродукт» на улице Римского-Корсакова, владение 5";"25756572";"АЗС «Лукойл-Центрнефтепродукт» на улице Римского-Корсакова, владение 5";"Северо-Восточный административный округ";"район Отрадное";"улица Римского-Корсакова, владение 5";"ООО «Лукойл-Центрнефтепродукт»";"06.07.2015";"";"";
"200";"Автомобильная заправочная станция «НБА-Северо-Запад» на Алтуфьевском шоссе, владение 3А";"25757894";"АЗС «НБА-Северо-Запад» на Алтуфьевском шоссе, владение 3А";"Северо-Восточный административный округ";"район Отрадное";"Алтуфьевское шоссе, владение 3А";"ООО «НБА-Северо-Запад»";"06.07.2015";"";"";
"201";"Автомобильная заправочная станция «НБА-Северо-Запад» на Сущевском валу, владение 25";"25760650";"АЗС «НБА-Северо-Запад» на Сущевском валу, владение 25";"Северо-Восточный административный округ";"район Марьина Роща";"Сущевский вал, владение 25";"ООО «НБА-Северо-Запад»";"06.07.2015";"";"";
"202";"Автомобильная заправочная станция «ЕКА-АЗС» на Ростокинском проезде, владение 11, строение 1";"25761391";"АЗС «ЕКА-АЗС» на Ростокинском проезде, владение 11, строение 1";"Восточный административный округ";"район Сокольники";"Ростокинский проезд, владение 11, строение 1";"ООО «ЕКА-АЗС»";"08.07.2015";"";"";
"203";"Автомобильная заправочная станция «Татнефть-АЗС-Запад» на шоссе Энтузиастов, дом 92Г";"25762384";"АЗС «Татнефть-АЗС-Запад» на шоссе Энтузиастов, дом 92Г";"Восточный административный округ";"район Ивановское";"шоссе Энтузиастов, дом 92Г";"ООО «Татнефть-АЗС-Запад»";"08.07.2015";"";"";
"204";"Автомобильная заправочная станция «РН-Москва» на улице Айвазовского, владение 2А";"25765991";"АЗС «РН-Москва» на улице Айвазовского, владение 2А";"Юго-Западный административный округ";"район Ясенево";"улица Айвазовского, владение 2А";"АО «РН-Москва»";"10.07.2015";"";"";
"205";"Автомобильная заправочная станция «Лукойл-Центрнефтепродукт» на улице Плеханова, дом 7А";"25767193";"АЗС «Лукойл-Центрнефтепродукт» на улице Плеханова, дом 7А";"Восточный административный округ";"район Перово";"улица Плеханова, дом 7А";"ООО «Лукойл-Центрнефтепродукт»";"23.07.2015";"";"";
"206";"Автомобильная заправочная станция «РН-Москва» на проспекте 60-летия Октября, владение 8В";"25770047";"АЗС «РН-Москва» на проспекте 60-летия Октября, владение 8В";"Юго-Западный административный округ";"Академический район";"проспект 60-летия Октября, владение 8В";"АО «РН-Москва»";"10.07.2015";"";"";
"207";"Автомобильная заправочная станция «ТД Нефтьмагистраль» в Зеленограде, на Новокрюковской улице, владение 5А";"25775341";"АЗС «ТД Нефтьмагистраль» в Зеленограде, на Новокрюковской улице, владение 5А";"Зеленоградский административный округ";"район Крюково";"Зеленоград, Новокрюковская улица, владение 5А";"ООО «ТД Нефтьмагистраль»";"06.08.2015";"";"";
"208";"Автомобильная заправочная станция «ТрансАЗС» на 93-м километре Московской кольцевой автомобильной дороги";"25778922";"АЗС«ТрансАЗС» на 93-м километре Московской кольцевой автомобильной дороги";"Северо-Восточный административный округ";"Лосиноостровский район";" 93-й километр Московской кольцевой автомобильной дороги";"ЗАО «ТрансАЗС»";"18.08.2015";"";"";
"209";"Автомобильная заправочная станция «Мосгортранс» на улице Дениса Давыдова, дом 2";"25781036";"АЗС «Мосгортранс» на улице Дениса Давыдова, дом 2";"Западный административный округ";"район Дорогомилово";"улица Дениса Давыдова, дом 2";"филиал Филевского АТП ГУП «Мосгортранс»";"20.08.2015";"";"";
"210";"Автомобильная заправочная станция «СБС-ХХI» на улице Знаменская, владение 1";"25782403";"Автомобильная заправочная станция «СБС-ХХI» на улице Знаменская, владение 1";"Восточный административный округ";"район Преображенское";"улица Знаменская, владение 1";"ООО «СБС-ХХI»";"18.12.2020";"";"";
"211";"Автомобильная заправочная станция «Альфа-Петрол М» на улице Ясеневая, владение 13А";"61425117";"АЗС «Альфа-Петрол М» на улице Ясеневая, владение 13А";"Южный административный округ";"район Орехово-Борисово Южное";"улица Ясеневая, владение 13А";"ООО «Альфа-Петрол М»";"29.11.2019";"";"";
"212";"Автомобильная заправочная станция «Оптима Юнион» на улице Южнопортовая, владение 17Д";"61425404";"АЗС «Оптима Юнион» на улице Южнопортовая, владение 17Д";"Юго-Восточный административный округ";"район Печатники";"улица Южнопортовая, владение 17Д";"ООО «Оптима Юнион»";"27.10.2015";"";"";
"213";"Автомобильная заправочная станция «Луч» на улице Барышиха, владение 11";"61425517";"АЗС «Луч» на улице Барышиха, владение 11";"Северо-Западный административный округ";"район Митино";"улица Барышиха, владение 11";"ООО «Луч»";"03.11.2015";"";"";
"214";"Автомобильная заправочная станция «Ойл-Траст» на Севастопольском проспекте, владение 11Б";"144586155";"АЗС «Ойл-Траст» на Севастопольском проспекте, владение 11Б";"Юго-Западный административный округ";"район Котловка";"Севастопольский проспект, владение 11Б";"ООО «Ойл-Траст»";"14.01.2016";"";"";
"215";"Автомобильная заправочная станция «РН-Москва» на проспекте 60-летия Октября, владение 8В, строение 1";"144586156";"АЗС «РН-Москва» на проспекте 60-летия Октября, владение 8В, строение 1";"Юго-Западный административный округ";"Академический район";"проспект 60-летия Октября, владение 8В, строение 1";"АО «РН-Москва»";"14.01.2016";"";"";
"216";"Автомобильная заправочная станция «Компания ТРАССА» на 42-м километре Калужского шоссе, владение 5, строение 1";"144586163";"АЗС «Компания ТРАССА» на 42-м километре Калужского шоссе, владение 5, строение 1";"Троицкий административный округ";"поселение Краснопахорское";"42-й километр Калужского шоссе, владение 5, строение 1";"ООО «Компания ТРАССА»";"14.01.2016";"";"";
"217";"Автомобильная заправочная станция «Газпромнефть-Северо-Запад» на улице Красина, владение 15, строение 1";"144586164";"АЗС «Газпромнефть-Северо-Запад» на улице Красина, владение 15, строение 1";"Центральный административный округ";"Пресненский район";"улица Красина, владение 15, строение 1";"ООО «Газпромнефть-Северо-Запад»";"22.01.2016";"";"";
"218";"Автомобильная заправочная станция «ИП Филатов В.А.» на Остафьевском шоссе, дом 7";"167792333";"АЗС «ИП Филатов В.А.» на Остафьевском шоссе, дом 7";"Новомосковский административный округ";"поселение Щербинка";"Остафьевское шоссе, дом 7";"ИП Филатов В.А.";"18.02.2016";"";"";
"219";"Автомобильная заправочная станция «Валар» на 39-м километре Московской кольцевой автомобильной дороги, владение 1, строение 1";"167792341";"АЗС «Валар» на 39-м километре Московской кольцевой автомобильной дороги, владение 1, строение 1";"Юго-Западный административный округ";"район Ясенево";"39-й километр Московской кольцевой автомобильной дороги, владение 1, строение 1";"ООО «Валар»";"25.02.2016";"";"";
"220";"Автомобильная заправочная станция «АВИС-АМ» на 32-м километре Московской кольцевой автомобильной дороги, владение 7";"167792351";"АЗС «АВИС-АМ» на 32-м километре Московской кольцевой автомобильной дороги, владение 7";"Южный административный округ";"район Чертаново Южное";"32-й километр Московской кольцевой автомобильной дороги, владение 7";"ООО «АВИС-АМ»";"25.02.2016";"";"";
"221";"Автомобильная заправочная станция «ЛУЧ» на улице Маршала Воробьева, дом 12";"167792387";"АЗС «ЛУЧ» на улице Маршала Воробьева, дом 12";"Северо-Западный административный округ";"район Строгино";"улица Маршала Воробьева, дом 12";"ООО «ЛУЧ»";"15.03.2016";"";"";
"222";"Автомобильная заправочная станция «Интертрест-Ойл» на 53-м километре Московской кольцевой автомобильной дороги, владение 6Б";"167792396";"АЗС «Интертрест-Ойл» на 53-м километре Московской кольцевой автомобильной дороги, владение 6Б";"Западный административный округ";"Можайский район";"53-й километр Московской кольцевой автомобильной дороги, владение 6Б";"ООО «Интертрест-Ойл»";"15.03.2016";"";"";
"223";"Автомобильная заправочная станция «Строй-Инвест» в Костомаровском переулке, дом 10, строение 2";"167792414";"АЗС «Строй-Инвест» в Костомаровском переулке, дом 10, строение 2";"Центральный административный округ";"Таганский район";"Костомаровскй переулок, дом 10, строение 2";"ООО «Строй-Инвест»";"22.03.2016";"";"";
"224";"Автомобильная заправочная станция «Татнефть-АЗС-Запад» на 50-м километре Калужского шоссе";"167792432";"АЗС «Татнефть-АЗС-Запад» на 50-м километре Калужского шоссе";"Троицкий административный округ";"поселение Краснопахорское";"50-й километр Калужского шоссе";"ООО «Татнефть-АЗС-Запад»";"24.03.2016";"";"";
"225";"Автомобильная заправочная станция «Валента» в Зеленограде на проезде 4807, строение 6";"167792444";"АЗС «Валента» в Зеленограде на проезде 4807, строение 6";"Зеленоградский административный округ";"район Савёлки";"Зеленоград на проезде 4807, строение 6";"ООО НПКФ «Валента»";"31.03.2016";"";"";
"226";"Автомобильная заправочная станция «Эни-Нефто» на Ленинградском шоссе, владение 63Г";"276155313";"АЗС «Эни-Нефто» на Ленинградском шоссе, владение 63Г";"Северный административный округ";"район Левобережный";"Ленинградское шоссе, владение 63Г";"ООО «Эни-Нефто»";"07.11.2018";"";"";
"227";"Автомобильная заправочная станция «Валар» на 36-м километре Калужского шоссе";"276155322";"АЗС «Валар» на 36-м километре Калужского шоссе";"Новомосковский административный округ";"поселение Десеновское";"36-й километр Калужского шоссе";"ООО «Валар»";"09.08.2016";"";"";
"228";"Автомобильная заправочная станция «Перспектива» на улице Борисовские пруды, владение 1";"276155348";"АЗС «Перспектива» на улице Борисовские пруды, владение 1";"Южный административный округ";"район Москворечье-Сабурово";"улица Борисовские пруды, владение 1";"ООО «Перспектива»";"12.02.2021";"";"";
"229";"Автомобильная заправочная станция «Сети» на Крылатской улице, владение 2А";"276155359";"АЗС «Сети» на Крылатской улице, владение 2А";"Западный административный округ";"район Крылатское";"Крылатская улица, владение 2А";"ЗАО «Сети»";"20.09.2016";"";"";
"230";"Автомобильная заправочная станция «Сети» на улице 1905 года, дом 27, строение 1";"276155454";"АЗС «Сети» на улице 1905 года, дом 27, строение 1";"Центральный административный округ";"Пресненский район";"улица 1905 года, дом 27, строение 1";"ЗАО «Сети»";"20.09.2016";"";"";
"231";"Автомобильная заправочная станция «Сети» на 29-м километре Московской кольцевой автомобильной дороги, владение 8";"276155745";"АЗС «Сети» на 29-м километре Московской кольцевой автомобильной дороги, владение 8";"Южный административный округ";"район Бирюлёво Западное";"29-й километр Московской кольцевой автомобильной дороги, владение 8";"ЗАО «Сети»";"20.09.2016";"";"";
"232";"Автомобильная заправочная станция «ПИК-Индустрия» на проезде Стройкомбината, дом 1, строение 34";"282478903";"АЗС «ПИК-Индустрия» на проезде Стройкомбината, дом 1, строение 34";"Западный административный округ";"район Очаково-Матвеевское";"проезд Стройкомбината, дом 1, строение 34";"АО «ПИК-Индустрия»";"13.10.2016";"";"";
"233";"Автомобильная заправочная станция «ОПОРА» в поселении Щаповское, деревня Троицкое";"282479101";"АЗС «ОПОРА» в поселении Щаповское, деревня Троицкое";"Троицкий административный округ";"поселение Щаповское";"поселение Щаповское, деревня Троицкое";"ООО «ОПОРА»";"25.10.2016";"";"";
"234";"Автомобильная заправочная станция «НИКОЙЛ» на улице Поляны, владение 12";"282479276";"АЗС «НИКОЙЛ» на улице Поляны, владение 12";"Юго-Западный административный округ";"район Северное Бутово";"улица Поляны, владение 12";"ООО УК «НИКОЙЛ»";"27.10.2016";"";"";
"235";"Автомобильная заправочная станция «ОЙЛ СИТИ» на улице Новосущевская, владение 5, строение 1";"282479433";"АЗС «ОЙЛ СИТИ» на улице Новосущевская, владение 5, строение 1";"Центральный административный округ";"Тверской район";"улица Новосущевская, владение 5, строение 1";"ООО «ОЙЛ СИТИ»";"22.11.2016";"";"";
"236";"Автомобильная заправочная станция «Петро Транс» на 34-м километре Киевского шоссе";"282479738";"АЗС «Петро Транс» на 34-м километре Киевского шоссе";"Новомосковский административный округ";"поселение Марушкинское";"34-й километр Киевского шоссе";"ООО «Петро Транс»";"26.02.2021";"";"";
"237";"Автомобильная заправочная станция «Компания ЛЕМА» на 67-м километре Московской Кольцевой Автодороги, владение 7";"282479886";"АЗС «Компания ЛЕМА» на 67-м километре Московской Кольцевой Автодороги, владение 7";"Северо-Западный административный округ";"район Митино";"67-й километр Московской Кольцевой Автодороги, владение 7";"ЗАО «Компания ЛЕМА»";"06.12.2016";"";"";
"238";"Автомобильная заправочная станция «Меркурий» на Походном проезде, дом 1, строение 1";"282479984";"АЗС «Меркурий» на Походном проезде, дом 1, строение 1";"Северо-Западный административный округ";"район Южное Тушино";"Походный проезд, дом 1, строение 1";"ЗАО Фирма «Меркурий»";"13.12.2016";"";"";
"239";"Автомобильная заправочная станция «Татнефть-АЗС-Запад» на Кутузовском проспекте, дом 72";"282543185";"АЗС «Татнефть-АЗС-Запад» на Кутузовском проспекте, дом 72";"Западный административный округ";"район Фили-Давыдково";"Кутузовский проспект, дом 72";"ООО «Татнефть-АЗС-Запад»";"20.12.2016";"";"";
"240";"Автомобильная заправочная станция «Газпромнефть-Северо-Запад» на Кутузовском проспекте, владение 55";"282543633";"АЗС «Газпромнефть-Северо-Запад» на Кутузовском проспекте, владение 55";"Западный административный округ";"район Фили-Давыдково";"Кутузовский проспект, владение 55";"АО «Газпромнефть-Северо-Запад»";"20.12.2016";"";"";
"241";"Автомобильная заправочная станция № 8 «Валар» на Богородском валу, д. 3А, стр. 1";"334978883";"АЗС № 8 «Валар» на Богородском валу, д. 3А, стр. 1";"Восточный административный округ";"район Богородское";"Богородский вал, д. 3А, стр. 1";"ООО «Валар»";"01.02.2017";"";"";
"242";"Автомобильная заправочная станция № 9 «Валар» на Открытом шоссе, д. 14Г, стр. 1";"334978884";"АЗС № 9 «Валар» на Открытом шоссе, д. 14Г, стр. 1";"Восточный административный округ";"район Богородское";"Открытое шоссе, д. 14Г, стр. 1";"ООО «Валар»";"01.02.2017";"";"";
"243";"Автомобильная заправочная станция № 4 «Валар» на Монтажной ул., д. 3А, стр. 1";"334978885";"АЗС № 4 «Валар» на Монтажной ул., д. 3А, стр. 1";"Восточный административный округ";"район Гольяново";"Монтажная ул., д. 3А, стр. 1";"ООО «Валар»";"01.02.2017";"";"";
"244";"Автомобильная заправочная станция № 6 «Валар» на ул. Уткина, вл. 45Б";"334978886";"АЗС № 6 «Валар» на ул. Уткина, вл. 45Б";"Восточный административный округ";"район Соколиная Гора";"ул. Уткина, вл. 45Б";"ООО «Валар»";"01.02.2017";"";"";
"245";"Автомобильная заправочная станция № 116 «Валар» на ул. Большая Филевская, д. 5А";"334978887";"АЗС № 116 «Валар» на ул. Большая Филевская, д. 5А";"Западный административный округ";"район Филёвский Парк";"ул. Большая Филевская, д. 5А";"ООО «Валар»";"03.02.2017";"";"";
"246";"Автомобильная заправочная станция № 83 «Валар» на ул. Хамовнический вал, д. 40, стр. 1";"334978889";"АЗС № 83 «Валар» на ул. Хамовнический вал, д. 40 стр. 1";"Центральный административный округ";"район Хамовники";"Хамовнический вал, д. 40, стр. 1";"ООО «Валар»";"03.02.2017";"";"";
"247";"Автомобильная заправочная станция № 18 «Валар» на Боровском шоссе, 0,6 км";"334978890";"АЗС № 18 «Валар» на Боровском шоссе, 0,6 км";"Западный административный округ";"район Солнцево";"Боровское шоссе, 0,6 км";"ООО «Валар»";"07.02.2017";"";"";
"248";"Автомобильная заправочная станция № 19 «Валар» на Киевском шоссе, 19 км";"334978894";"АЗС № 19 «Валар» на Киевском шоссе, 19 км";"Новомосковский административный округ";"поселение ""Мосрентген""";"Киевское шоссе, 19 км";"ООО «Валар»";"29.08.2017";"";"";
"249";"Автомобильная заправочная станция № 007 «Валар» на Нахимовском проспекте, д. 10, стр. 1";"334978895";"АЗС № 007 «Валар» на Нахимовском проспекте, д. 10, стр. 1";"Юго-Западный административный округ";"район Котловка";"Нахимовский проспект, д. 10, стр. 1";"ООО «Валар»";"07.02.2017";"";"";
"250";"Автомобильная заправочная станция № 12 «Валар» на 39-м километре Московской кольцевой автомобильной дороги, владение 1, строение 1";"334978896";"АЗС № 12 «Валар» на 39-м километре Московской кольцевой автомобильной дороги, владение 1, строение 1";"Юго-Западный административный округ";"район Ясенево";"39-й километр Московской кольцевой автомобильной дороги, владение 1, строение 1";"ООО «Валар»";"10.02.2017";"";"";
"251";"Автомобильная заправочная станция № 5 «Валар» на Куликовской ул., вл. 2, стр. 1";"334978897";"АЗС № 5 «Валар» на Куликовской ул., вл. 2, стр. 1";"Юго-Западный административный округ";"район Северное Бутово";"Куликовская ул., вл. 2, стр. 1";"ООО «Валар»";"10.02.2017";"";"";
"252";"Автомобильная заправочная станция № 29 «Валар» д. Десна, на Рябиновой ул., вл. 17";"334978899";"АЗС № 29 «Валар» д. Десна, на Рябиновой ул., вл. 17";"Новомосковский административный округ";"поселение Десеновское";"д. Десна, Рябиновая ул., вл. 17";"ООО «Валар»";"14.02.2017";"";"";
"253";"Автомобильная заправочная станция № 16 «Валар» д. Ватутинки, Калужское шоссе, 36 км";"334978901";"АЗС № 16 «Валар» д. Ватутинки, Калужское шоссе, 36 км";"Новомосковский административный округ";"поселение Десеновское";"д. Ватутинки, Калужское шоссе, 36 км";"ООО «Валар»";"14.02.2017";"";"";
"254";"Автомобильная заправочная станция «ЛУКХАУС» на Волжском бульваре, д. 53, корп. 1";"334978902";"АЗС «ЛУКХАУС» на Волжском бульваре, д. 53, корп. 1";"Юго-Восточный административный округ";"район Кузьминки";"Волжский бульвар, д. 53, корп. 1";"ООО «ЛУКХАУС»";"23.11.2021";"";"";
"255";"Автомобильная заправочная станция «Мега-Петрол» на 41-м километре Калужского шоссе";"477996106";"АЗС «Мега-Петрол» на 41-м километре Калужского шоссе";"Троицкий административный округ";"поселение Троицк";"41-й километр Калужского шоссе";"ООО «Мега-Петрол»";"13.06.2017";"";"";
"256";"Автомобильная заправочная станция № 32 «Валар» на Полярном проезде, дом 6Б";"831771438";"АЗС № 32 «Валар» на Полярном проезде, дом 6Б";"Северо-Восточный административный округ";"район Северное Медведково";"Полярный проезд, дом 6Б";"ООО «Валар»";"06.10.2017";"";"";
"257";"Автомобильная заправочная станция «Инвест Капитал» в Костомаровском переулке, дом 10, строение 2";"831772010";"АЗС «Инвест Капитал» в Костомаровском переулке, дом 10, строение 2";"Центральный административный округ";"Таганский район";"Костомаровский переулок, дом 10, строение 2";"ООО «Инвест Капитал»";"08.12.2017";"";"";
"258";"Автомобильная заправочная станция ИП Левый М.С. в поселке Ерино, на улице Высокая, дом 100";"831772230";"АЗС ИП Левый М.С. в поселке Ерино, на улице Высокая, дом 100";"Новомосковский административный округ";"поселение Рязановское";"поселок Ерино, на улице Высокая, дом 100";"ИП Левый М.С.";"21.11.2017";"";"";
"259";"Автомобильная заправочная станция «Татнефть-АЗС-Запад» на Ленинградском шоссе, дом 77";"860955286";"АЗС «Татнефть-АЗС-Запад» на Ленинградском шоссе, дом 77";"Северный административный округ";"район Левобережный";"Ленинградское шоссе, дом 77";"ООО «Татнефть-АЗС-Запад»";"30.01.2018";"";"";
"260";"Автомобильная заправочная станция «ТД Нефтьмагистраль» на 49-м километре А-101";"860955293";"АЗС «ТД Нефтьмагистраль» на 49-м километре А-101";"Троицкий административный округ";"поселение Краснопахорское";"49-й километр А-101";"ООО «ТД Нефтьмагистраль»";"07.06.2019";"";"";
"261";"Автомобильная заправочная станция «Форт» на 56-м километре Калужского шоссе";"860955294";"АЗС «Форт» на 56-м километре Калужского шоссе";"Троицкий административный округ";"поселение Вороновское";"56-й километр Калужского шоссе";"ООО «Форт»";"02.03.2018";"";"";
"262";"Автомобильная заправочная станция «РН-Москва» на Люблинской улице, владение 92";"878657459";"АЗС «РН-Москва» на Люблинской улице, владение 92";"Юго-Восточный административный округ";"район Марьино";"Люблинская улица, владение 92";"АО «РН-Москва»";"08.05.2018";"";"";
"263";"Автомобильная заправочная станция «РН-Москва» на Волгоградском проспекте, дом 48, корпус 2";"878657499";"АЗС «РН-Москва» на Волгоградском проспекте, дом 48, корпус 2";"Юго-Восточный административный округ";"район Кузьминки";"Волгоградский проспект, дом 48, корпус 2";"АО «РН-Москва»";"08.05.2018";"";"";
"264";"Автомобильная заправочная станция «РН-Москва» на улице Вольная, владение 39";"878657528";"АЗС «РН-Москва» на улице Вольная, владение 39";"Восточный административный округ";"район Соколиная Гора";"улица Вольная, владение 39";"АО «РН-Москва»";"08.05.2018";"";"";
"265";"Автомобильная заправочная станция «РН-Москва» на улице Бутлерова, дом 19А, строение 1";"878657572";"АЗС «РН-Москва» на улице Бутлерова, дом 19А, строение 1";"Юго-Западный административный округ";"район Коньково";"улица Бутлерова, дом 19А, строение 1";"АО «РН-Москва»";"11.05.2018";"";"";
"266";"Автомобильная заправочная станция «РН-Москва» на улице Рябиновая, дом 73";"878657591";"АЗС «РН-Москва» на улице Рябиновая, дом 73";"Западный административный округ";"район Очаково-Матвеевское";"улица Рябиновая, дом 73";"АО «РН-Москва»";"11.05.2018";"";"";
"267";"Автомобильная заправочная станция «РН-Москва» на улице Народного Ополчения, дом 51";"878657952";"АЗС «РН-Москва» на улице Народного Ополчения, дом 51";"Северо-Западный административный округ";"район Щукино";"улица Народного Ополчения, дом 51";"АО «РН-Москва»";"11.05.2018";"";"";
"268";"Автомобильная заправочная станция «РН-Москва» на 23-м километре Киевского шоссе";"878658329";"АЗС «РН-Москва» на 23-м километре Киевского шоссе";"Новомосковский административный округ";"поселение Московский";"23-й километр Киевского шоссе";"АО «РН-Москва»";"15.05.2018";"";"";
"269";"Автомобильная заправочная станция «РН-Москва» на 29-м километре Московской кольцевой автомобильной дороги";"878658619";"АЗС «РН-Москва» на 29-м километре Московской кольцевой автомобильной дороги";"Южный административный округ";"район Бирюлёво Восточное";"29-й километр Московской кольцевой автомобильной дороги";"АО «РН-Москва»";"15.05.2018";"";"";
"270";"Автомобильная заправочная станция «РН-Москва» на Каширском шоссе, дом 61, корпус 5";"878658785";"АЗС «РН-Москва» на Каширском шоссе, дом 61, корпус 5";"Южный административный округ";"район Орехово-Борисово Северное";"Каширское шоссе, дом 61, корпус 5";"АО «РН-Москва»";"15.05.2018";"";"";
"271";"Автомобильная заправочная станция «ВЕМЕС» на Бережсковской набережной, дом 30Б";"889967278";"АЗС «ВЕМЕС» на Бережсковской набережной, дом 30Б";"Западный административный округ";"район Дорогомилово";"Бережсковская набережная, дом 30Б";"ООО «ВЕМЕС»";"10.08.2018";"";"";
"272";"Автомобильная заправочная станция «ВЕМЕС» на 52-м километре Московской кольцевой автомобильной дороги, вл. 3";"889967370";"АЗС «ВЕМЕС» на 52-м километре Московской кольцевой автомобильной дороги, вл. 3";"Западный административный округ";"район Очаково-Матвеевское";"52-й километр Московской кольцевой автомобильной дороги, вл. 3";"ООО «ВЕМЕС»";"10.08.2018";"";"";
"273";"Автомобильная заправочная станция «ТД Нефтьмагистраль» в Канатчиковском проезде, вл. 5";"889967498";"АЗС «ТД Нефтьмагистраль» в Канатчиковском проезде, вл. 5";"Южный административный округ";"Донской район";"Канатчиковский проезд, вл. 5";"ООО «ТД Нефтьмагистраль»";"07.09.2018";"";"";
"274";"Автомобильная заправочная станция «ЛАМБА» на 31-м километре Московской кольцевой автомобильной дороги, вл. 8, стр. 1";"905396120";"АЗС «ЛАМБА» на 31-м километре Московской кольцевой автомобильной дороги, вл. 8, стр. 1";"Южный административный округ";"район Бирюлёво Западное";"31-й километр Московской кольцевой автомобильной дороги, вл. 8, стр. 1";"ООО «ЛАМБА»";"01.11.2018";"";"";
"275";"Автомобильная заправочная станция «РАСА» на 53-м километре Московской кольцевой автомобильной дороги, д. 6Б, стр. 1";"905396163";"АЗС «РАСА» на 53-м километре Московской кольцевой автомобильной дороги, д. 6Б, стр. 1";"Западный административный округ";"Можайский район";"53-й километр Московской кольцевой автомобильной дороги, д. 6Б, стр. 1";"ООО «РАСА»";"02.11.2018";"";"";
"276";"Автомобильная заправочная станция «Татнефть-АЗС-Запад» на Ленинградском шоссе, д. 77А";"905396280";"АЗС «Татнефть-АЗС-Запад» на Ленинградском шоссе, д. 77А";"Северный административный округ";"район Левобережный";"Ленинградское шоссе, д. 77А";"ООО «Татнефть-АЗС-Запад»";"07.11.2018";"";"";
"277";"Автомобильная заправочная станция «Шелл Нефть» на Ленинградском шоссе, д. 71, стр. 1";"905396281";"АЗС «Шелл Нефть» на Ленинградском шоссе, д. 71, стр. 1";"Северный административный округ";"район Левобережный";"Ленинградское шоссе, д. 71, стр. 1";"ООО «Шелл Нефть»";"07.11.2018";"";"";
"278";"Автомобильная заправочная станция «ТК Булл» на 33-м километре Московской кольцевой автомобильной дороги, вл. 10";"905396326";"АЗС «ТК Булл» на 33-м километре Московской кольцевой автомобильной дороги, вл. 10";"Южный административный округ";"район Чертаново Южное";"33-й километр Московской кольцевой автомобильной дороги, вл. 10";"ООО «ТК Булл»";"07.11.2018";"";"";
"279";"Автомобильная заправочная станция «НБА-Северо-Запад» на Ленинградском шоссе, д. 286В";"905396582";"АЗС «НБА-Северо-Запад» на Ленинградском шоссе, д. 286В";"Северный административный округ";"Молжаниновский район";"Ленинградское шоссе, д. 286В";"ООО «НБА-Северо-Запад»";"08.11.2018";"";"";
"280";"Автомобильная заправочная станция «ТД Нефтьмагистраль» на Ленинградском шоссе, д. 23А";"905396678";"АЗС «ТД Нефтьмагистраль» на Ленинградском шоссе, д. 23А";"Северный административный округ";"Войковский район";"Ленинградское шоссе, д. 23А";"ООО «ТД Нефтьмагистраль»";"15.11.2019";"";"";
"281";"Автомобильная заправочная станция «ЛАНА ТЭК» на Лианозовском проезде, вл. 12";"905396699";"АЗС «ЛАНА ТЭК» на Лианозовском проезде, вл. 12";"Северо-Восточный административный округ";"район Лианозово";"Лианозовский проезд, вл. 12";"ООО «ЛАНА ТЭК»";"21.11.2018";"";"";
"282";"Автомобильная заправочная станция «АЗС Трейд» на 34-м километре Киевского шоссе";"905396725";"АЗС «АЗС Трейд» на 34-м километре Киевского шоссе";"Новомосковский административный округ";"поселение Московский";"34-й километр Киевского шоссе";"ООО «АЗС Трейд»";"23.11.2018";"";"";
"283";"Автомобильная заправочная станция «Фортекс» на 35-м километре Калужского шоссе, владение 1Б";"918049710";"АЗС «Фортекс» на 35-м километре Калужского шоссе, владение 1Б";"Новомосковский административный округ";"поселение Десеновское";"35-й километр Калужского шоссе, владение 1Б";"ООО «Фортекс»";"25.01.2019";"";"";
"284";"Автомобильная заправочная станция «Атлант Петролеум 2» на Калужском шоссе, дом 21";"918049807";"АЗС «Атлант Петролеум 2» на Калужском шоссе, дом 21";"Новомосковский административный округ";"поселение Десеновское";"Калужское шоссе, дом 21";"ООО «Атлант Петролеум 2»";"01.02.2019";"";"";
"285";"Автомобильная заправочная станция «РН-Москва» на Каспийской улице, владение 2А";"918049811";"АЗС «РН-Москва» на Каспийской улице, владение 2А";"Южный административный округ";"район Москворечье-Сабурово";"Каспийская улица, владение 2А";"АО «РН-Москва»";"01.03.2019";"";"";
"286";"Автомобильная заправочная станция «АЗС Трейд» на 34-м километре Киевского шоссе, п. Марушкинское";"918049819";"АЗС «АЗС Трейд» на 34-м километре Киевского шоссе, п. Марушкинское";"Новомосковский административный округ";"поселение Марушкинское";"34-й километр Киевского шоссе";"ООО «АЗС Трейд»";"01.03.2019";"";"";
"287";"Автомобильная заправочная станция «ТрансАЗС» на 93-м километре Московской Кольцевой Автодороги, владение 10";"930770748";"АPC «ТрансАЗС» на 93-м километре Московской Кольцевой Автодороги, владение 10";"Северо-Восточный административный округ";"Лосиноостровский район";"93-й километре Московской Кольцевой Автодороги, владение 10";"ЗАО «ТрансАЗС»";"09.04.2019";"";"";
"288";"Автомобильная заправочная станция «ТК БУЛЛ» на 33-м километре Московской Кольцевой Автодороги";"930770779";"АPC «ТК БУЛЛ» на 33-м километре Московской Кольцевой Автодороги";"Южный административный округ";"район Чертаново Южное";"33-й километр Московской Кольцевой Автодороги";"ООО «ТК БУЛЛ»";"16.04.2019";"";"";
"289";"Автомобильная заправочная станция «АЗС Энерджи» на улице генерала Белобородова, дом 40";"930770857";"АPC «АЗС Энерджи» на улице генерала Белобородова, дом 40";"Северо-Западный административный округ";"район Митино";"улица генерала Белобородова, дом 40";"ООО «АЗС Энерджи»";"18.04.2019";"";"";
"290";"Автомобильная заправочная станция «АЗС Энерджи» на Пятницком шоссе, дом 2";"930770867";"АЗC «АЗС Энерджи» на Пятницком шоссе, дом 2";"Северо-Западный административный округ";"район Митино";"Пятницкое шоссе, дом 2";"ООО «АЗС Энерджи»";"18.04.2019";"";"";
"291";"Автомобильная заправочная станция «ПНК Магистраль» поселение Вороновское, деревня Ясенки, дом 1";"930770911";"АЗC «ПНК Магистраль» поселение Вороновское, деревня Ясенки, дом 1";"Троицкий административный округ";"поселение Вороновское";"поселение Вороновское, деревня Ясенки, дом 1";"ООО «ПНК Магистраль»";"17.05.2019";"";"";
"292";"Автомобильная заправочная станция «Лукойл-ЦНП» на Дмитровском шоссе, дом 167 А";"930770957";"АЗC «Лукойл-ЦНП» на Дмитровском шоссе, дом 167 А";"Северо-Восточный административный округ";"район Северный";"Дмитровское шоссе, дом 167 А";"ООО «Лукойл-ЦНП»";"24.05.2019";"";"";
"293";"Автомобильная заправочная станция «АВИС-АМ» на 32-м километре Московской Кольцевой Автодороги";"930770982";"АPC «АВИС-АМ» на 32-м километре Московской Кольцевой Автодороги, владение 7";"Южный административный округ";"район Чертаново Южное";"32-й километр Московской Кольцевой Автодороги, владение 7";"ООО «АВИС-АМ»";"07.06.2019";"";"";
"294";"Автомобильная заправочная станция «РН-Москва» на Аминьевском шоссе, владение 4Б";"1011670329";"АPC «РН-Москва» на Аминьевском шоссе, владение 4Б";"Западный административный округ";"район Очаково-Матвеевское";"Аминьевское шоссе, владение 4Б";"АО «РН-Москва»";"06.08.2019";"";"";
"295";"Автомобильная заправочная станция «Нафта Инжиниринг» в Краснокурсантском 1-м проезде, владение 2, строение 1";"1011670330";"АPC «Нафта Инжиниринг» в Краснокурсантском 1-м проезде, владение 2, строение 1";"Юго-Восточный административный округ";"район Лефортово";"Краснокурсантский 1-й проезд, владение 2, строение 1";"ООО «Нафта Инжиниринг»";"30.08.2019";"";"";
"296";"Автомобильная заправочная станция «Фортекс» на Болотниковской улице, владение 36В";"1026789491";"АЗС «Фортекс» на Болотниковской улице, владение 36В";"Юго-Западный административный округ";"район Зюзино";"Болотниковская улица, владение 36В";"ООО «Фортекс»";"25.10.2019";"";"";
"297";"Автомобильная заправочная станция «ИП Филатов В.А.» в пос. Ерино на улице Высокая, дом 100";"1034718965";"АЗС «ИП Филатов В.А.» в пос. Ерино на улице Высокая, дом 100";"Новомосковский административный округ";"поселение Рязановское";"пос. Ерино на улице Высокая, дом 100";"ИП Филатов В.А.";"24.01.2020";"";"";
"298";"Автомобильная заправочная станция ООО «АЗС Энерджи» на 41-м километре Калужского шоссе";"1034718966";"АЗС ООО «АЗС Энерджи» на 41-м километре Калужского шоссе";"Троицкий административный округ";"поселение Троицк";"41-й километр Калужского шоссе";"ООО «АЗС Энерджи»";"28.01.2020";"";"";
"299";"Автомобильная заправочная станция ООО «ТД Нефтьмагистраль»в пос. Щапово на Садовом б-ре д. 5А стр. 1";"1034718968";"АЗС ООО «ТД Нефтьмагистраль»в пос. Щапово на Садовом б-ре д. 5А стр. 1";"Троицкий административный округ";"поселение Щаповское";"пос. Щапово на Садовом бульваре дом 5А строение 1";"ООО «ТД Нефтьмагистраль»";"07.02.2020";"";"";
"300";"Автомобильная заправочная станция ООО «ВЭСКА» на Краснополянской ул., вл. 1";"1034718969";"АЗС ООО «ВЭСКА» на Краснополянской ул., вл. 1";"Северный административный округ";"Дмитровский район";"Краснополянская ул., вл. 1";"ООО «ВЭСКА»";"14.02.2020";"";"";
"301";"Автомобильная заправочная станция ООО «Шелл Нефть» на Ленинградском ш., вл. 47А";"1034718972";"АЗС ООО «Шелл Нефть» на Ленинградском ш., вл. 47А";"Северный административный округ";"Головинский район";"Ленинградское ш., вл. 47А";"ООО «Шелл Нефть»";"06.03.2020";"";"";
"302";"Автомобильная заправочная станция «РН-Москва» на улице Академика Скрябина, дом 11";"1047294241";"АЗС «РН-Москва» на улице Академика Скрябина, дом 11";"Юго-Восточный административный округ";"район Кузьминки";"ул. Академика Скрябина, дом 11";"АО «РН-Москва»";"19.06.2020";"";"";
"303";"Автомобильная заправочная станция «РАСА» на Балаклавском проспекте, владение 11";"1047294375";"АЗС «РАСА» на Балаклавском проспекте, владение 11";"Южный административный округ";"район Чертаново Северное";"Балаклавский проспект, владение 11";"ООО «РАСА»";"25.06.2020";"";"";
"304";"Автомобильная заправочная станция «Лукойл-Центрнефтепродукт»";"1067005126";"АЗС «Лукойл-Центрнефтепродукт»";"Южный административный округ";"район Нагатино-Садовники";"Коломенский пр-д, вл. 3А";"ООО «Лукойл-Центрнефтепродукт»";"07.08.2020";"";"";
"305";"Автомобильная заправочная станция «Авангард» на Харьковском проезде, владение 2А";"1082872648";"АЗС «Авангард» на Харьковском проезде, владение 2А";"Южный административный округ";"район Бирюлёво Западное";"Харьковский проезд, владение 2А";"ООО «Авангард»";"13.10.2020";"";"";
"306";"Автомобильная заправочная станция «Газпромнефть-Центр» на улице Наметкина, владение 10В";"1082873127";"АЗС «Газпромнефть-Центр» на улице Наметкина, владение 10В";"Юго-Западный административный округ";"Обручевский район";"улица Наметкина, владение 10В";"ООО «Газпромнефть - Центр»";"10.11.2020";"";"";
"307";"Автомобильная заправочная станция «Глобал» на улице Полярная, дом 37Г, строение 1";"1082873131";"АЗС «Глобал» на улице Полярная, дом 37Г, строение 1";"Северо-Восточный административный округ";"район Северное Медведково";"улица Полярная, дом 37Г, строение 1";"ООО «Глобал»";"18.12.2020";"";"";
"308";"Автомобильная заправочная станция «Глобал» на 94-м км МКАД, владение 6";"1105864580";"АЗС «Глобал» на 94-м км МКАД, владение 6";"Северо-Восточный административный округ";"Лосиноостровский район";"94-й км МКАД, владение 6";"ООО «Глобал»";"22.01.2021";"";"";
"309";"Автомобильная заправочная станция «Глобал» на Ростокинском проезде, владение 11, строение 1";"1105945754";"АЗС «Глобал» на Ростокинском проезде, владение 11, строение 1";"Северо-Восточный административный округ";"район Ростокино";"Ростокинский проезд, владение 11, строение 1";"ООО «Глобал»";"05.02.2021";"";"";
"310";"Автомобильная заправочная станция «ГАЗ Макси Трейд» на проспекте Андропова, дом 51";"1106046273";"АЗС «ГАЗ Макси Трейд» на проспекте Андропова, дом 51";"Южный административный округ";"район Нагатино-Садовники";"проспект Андропова, дом 51";"ООО «ГАЗ Макси Трейд»";"12.02.2021";"";"";
"311";"Автомобильная заправочная станция «ГАЗ Макси Трейд» на Липецкой улице, дом 3";"1106318340";"АЗС «ГАЗ Макси Трейд» на Липецкой улице, дом 3";"Южный административный округ";"район Царицыно";"Липецкая улица, дом 3";"ООО «ГАЗ Макси Трейд»";"22.06.2021";"";"";
"312";"Автомобильная заправочная станция «РН-Москва» Братеевской улице, владение 4, строение 1";"1139075882";"АЗС «РН-Москва» Братеевской улице, владение 4, строение 1";"Южный административный округ";"район Братеево";"Братеевская улица, владение 4, строение 1";"АО «РН-Москва»";"27.07.2021";"";"";
"313";"Автомобильная заправочная станция «АВИС-АМ» на 32-м км МКАД";"1139077248";"АЗС «АВИС-АМ» на 32-м км МКАД";"Южный административный округ";"район Чертаново Южное";"32-й км МКАД";"ООО «АВИС-АМ»";"17.08.2021";"";"";
"314";"Автомобильная заправочная станция «Шелл Нефть» на 39-м км Калужского шоссе";"1139077790";"Автомобильная заправочная станция «Шелл Нефть» на 39-м км Калужского шоссе";"Троицкий административный округ";"поселение Троицк";"39-й км Калужского шоссе";"ООО «Шелл Нефть»";"15.06.2021";"";"";
"315";"Автомобильная заправочная станция «АМИЛКАР» на Научном проезде, дом 2А";"1266739237";"АЗС «АМИЛКАР» на Научном проезде, дом 2А";"Юго-Западный административный округ";"Обручевский район";" Научный проезд, дом 2А";"ООО «АМИЛКАР»";"26.10.2021";"";"";
